commenter_username,score_comment,content_comment,comments_categ_llama,comments_categ_gemma,comments_categ_qwen,human_annotator1,human_annotator2
u/Kyongielog,1,"Even though you are experiencing your heaviest moments in life to the point you already want to give up, just try to remember your happiest memories. Try to think that you can survive this day and then the next day until you finally find your biggest motivation to carry through the day. Living without a reason is difficult but along your journey, you will find someone which can aid you such as us. Remember that we are here for you. I hope this helps.",1,1,1,1,1
u/PhotojournalistIll90,1,Hard to avoid any cognitive biases but hectic traffic noise also known to cause increase in cortisol just like daylight can make it even worse.,3,4,3,1,1
u/wholesomedust,3,"Oh I‚Äôm staying in the field I‚Äôm just leaving the city. 

I‚Äôm good at social work. I messed up this job but I‚Äôm going to stay in the field.",3,4,1,3,3
u/lavenderbutterflyx,1,"sometimes i do stuff because i just feel like it, and sometimes i have to force myself to do it (mostly stuff like taking care of my personal hygiene and going outside). it never feels like a chore, though. i don't mind doing any of it, it's just frustrating that i'm doing everything i was struggling to do 2 years ago, but it's not making me feel better. i feel better while i'm doing these activities, but outside of that i don't feel different. same emptiness, no energy or drive to do anything, little genuine interest or excitement.

i have zero interest in sex. i am underweight, which kills my sex drive, and i'm on welbutrin, which also kills it. i also haven't had great experiences with men, and finding femmes who are interested in other femmes is difficult.",3,1,2,3,3
u/Alan_the_Pika,2,Thank you for saying that.,1,1,1,1,1
u/sophearless,1,"How did you manage to eat with the loss of appetite?
I am struggling to eat more than a few bites at a time and I'm getting cranky and lightheaded from too little food.",1,1,1,3,3
u/Someonevague,13,I worked as a clinician in the forensics unit for the colorado institute for mental health for many years. There are medications that can make you a regular person. It was always amazing to see people clear and be themselves again. You have options I promise you. I really hope you're still alive...,2,2,1,2,2
u/Noseknowledge,2,"Thank you too, writing this out has really helped my mood I was feeling pretty shit prior to replying to you now thats a little less so",1,1,1,1,3
u/JuliusSeizure2019,1,"Rumination and spiralling - this tells me that you might benefit from taking anti depressants such as fluoxetine/prozac, as well as adopting a exercise routine. It seems that part of this mental health issue may come from your physical state, coupled with your relationship troubles, so the anti depressants and exercise may remedy this. Even if this does not work, it is very unlikely to do any harm to try this path.

I also would suggest trying to find relationships through engaging with the world, rather than through dating apps. For example, if you went to university, got involved in a cause, volunteered or took up a sport/hobby, you would meet numerous men who actually share similar interests/values/beliefs to you.",2,2,2,2,2
u/Pretty_Branch_6154,1,"I've been eating a can and a protein shake every day.
That's one way to get the beach body... Too tired to go",2,4,4,3,3
u/Mbg140897,1,"I understand your feelings whole heartedly my friend. It really can be so hard. But as far as your doctor goes, they want to help you. They‚Äôre not trying to make you feel inadequate or like you should suck it up. Getting a little more active really is beneficial for your health. And tbh your depression may be stemming from something else. Mine is from my ADHD and having medication has helped me in my life in a lot of areas. I still have my days, but man is it SO much more manageable.",2,1,1,3,2
u/Royal_Orchid_8401,2,Big hugs for you ü§ó,1,1,1,1,1
u/RecommendationOne102,1,Sometimes shit just happens and you just have to be more careful next time. Life gets all of us at some point.,1,4,1,1,1
u/Trick_Hall1721,1,This is one of the saddest things I‚Äôve read today. I have a question. Are you actively pursuing any of the above mentioned desires and wants?,2,1,1,1,1
u/Hybersia,8,feel my virtual hug,4,1,1,1,1
u/CellistHour4606,1,Try skydiving?,4,4,4,4,4
u/bluefunfetticake,1,"Yes, I‚Äôve been to a temporary emergency therapy through my work. It was only 3 sessions and the therapist found long term options for me. I just have to get it set up. I can‚Äôt get my self to actually do it. Since I started my new job, I haven‚Äôt accrued much vacation/sick time to take for a therapy session. I‚Äôm realistic to know I probably need to go more than once a month. 

I‚Äôve also dealt with depression since I was 7 (after my dad died in a car wreck) and I feel like I can usually manage the rollercoaster that depression is. Because sometimes you feel it bad and sometimes it‚Äôs very manageable. 
Maybe it is changing with age like you‚Äôre saying. I‚Äôm scared I‚Äôm going to be one of those stories people hear of someone who a lot of things happen to and they just lose it one day. 

I don‚Äôt want to die. I know I have a lot to live for and look forward to, it just feels like both halves of my brain are together by a very thin string that could break any day now. And my depression has never felt like this. Do you know what I‚Äôm talking about?",3,1,1,3,3
u/Dmullen5,2,Hope you‚Äôre still here brother.,1,1,1,1,1
u/Single-Lemon-1622,3,This is my American struggle,2,4,1,3,3
u/Ok_Mall_3109,1,I used to feel this way,1,3,1,1,1
[deleted],1,"Call the police, get to a hospital so they can get the dna.",2,2,2,2,2
u/Frys82,1,"I was the same... 

have you tired going for a walk or even yoga? I feel so much better and clear minded after going into town and wandering around. 

Either that or weed and hookers

Nothing makes me happy anymore too but at least i'm enjoying getting laid and singing along to sick music while high",3,4,2,2,2
u/PerformanceSoggy5554,6,"I never talked to anyone about it even my best friend of 20 years barely knows and, he is polite so never pried.  My immediate family all suppress emotions so maybe that is how I learned and 'mastered "" the art of bottling emotions.

I am going to seek a psychiatrist going through insurance change atm so still need time. I might try to go on a bike ride tomorrow it isn't huge but it is still something other than lying in bed drowning my mind with mindless binge watching...",2,1,1,3,3
u/Federal-Trip9728,2,"Eh things wouldn't be worse for me, I'd fade into nothingness, no happiness but most importantly no more sadness",2,1,1,1,3
u/Pinkkitty_14,2,"Ahhh, I should've worded it better but I mean I'm seeing hallucinations?",1,1,1,4,4
u/peterzbrady,1,Motherfuck this world and my fucked up body.,1,1,1,4,4
u/thattoxic27,1,Oh okay. That‚Äôs not a bad way to start. I would give it sometime.,2,4,2,1,2
u/letyourpoopbefree,1,Changing meds has always sucked massive dong for me and made things worse for at least a month but i would at least try to wait and see because these things take time sadly,2,3,1,3,3
u/EstablishmentNew7494,3,This is a real eye-opener for me.  Nearly 70 yrs old and always had depression.,3,1,1,3,3
u/Skratifyx,2,"They won‚Äôt, believe me. I once heard a suicide story in my school and it got me spiraling‚Ä¶ it affects a lot, but I think the stigma is a part of it",3,1,1,3,3
u/LRobin11,2,"They had you on an involuntary psych hold for a year and didn't even treat you?? That seems inhumane af to me. I'm sorry you went through that. 

>hopefully not sounding rude

That doesn't sound rude. It sounds compassionate.",1,1,1,1,1
u/ThrowRevenueAway,1,"Why, why would he need to go overseas? Men have it bad there too it seems lol.",4,4,4,4,4
u/Locutus747,1,The problem is being in your 40s and not having an inner circle,3,1,1,3,2
u/PaperboyTheMan,1,It invalidates your feelings so that's a pretty shitty thing to say.,2,1,1,1,1
u/WearyIdeal1912,1,"While I cannot fully understand your journey,Hope exists, even when it feels dim.\*\* It may be a flicker now, but with help and persistence, it can grow into a radiant flame. Remember, darkness always gives way to light.",2,1,1,1,1
u/jag020372,10,"I feel the same as you. I have slightly
Improved my situation through doing Carl Jung‚Äôs shadow work or internal family systems work to discover and begin to integrate my true self. Not being allowed to properly grieve traumatic experiences (divorces, breakups, deaths, post-Covid loss of community) is what I believe drove the depression in the first place. By trying to integrate some of my childhood trauma (yuck!), I ALSO remembered how much I loved to make art, sing amazing lyrics (usually one‚Äôs off of a scratched up vinyl record!) and play music (piano for me!), dance and being out in nature. It feels so incredibly uplifting to be reconnected to art, but I am struggling to have any interest in making any effort related to  making money. I am so negative about sitting trapped at a desk, but I‚Äôm at a loss for what to do that I am literally trapping myself in the house!",3,3,1,3,3
u/LinkGamer12,1,"ü´≤--üòå--ü´±

ü´Ç

Here you deserve this.",2,1,1,1,1
u/Routine_Nothing3597,1,Nah bro u can‚Äôt be in the club,2,4,4,4,4
u/KiraKiralina,1,"It‚Äôs normal to be nervous, but it‚Äôs worth the risk of side effects in my opinion. It‚Äôs an SNRI which is pretty safe. I‚Äôve had bad side effects from an SNRI, and all you do is quit it and try something else. Withdrawal especially from a high dose can last a few months, but it does end, and it‚Äôs honestly nothing next to the chance of not being depressed. 

I hope things work out for you!",2,2,1,3,2
u/rth_0626,1,"Depression is a big, ugly, mean monster! Depression is HARD! People who have never experienced being depressed can not possibly understand what you're going through. Give yourself permission to be whatever/whoever you're dealing with that day. If you're an asshole, there's a reason WHY you're an asshole - it's called Depression. You don't owe anyone anything. Sending you a virtual ü´Ç hope you have a peaceful night",2,1,1,1,1
u/depressedwithniceass,1,"Would u want to tell her if u knew it wouldn't change anything?
What would you say if the roles where reversed and shed tell you about having had depression and self harm?

If you dont tell her she might imagine worse reasons or eventually give up on you for not letting your guard down.

Im not saying tell her now but if u dont plan on ever telling you might not have to eventually but not because she stopped asking. 

I feel im in a similar situation and its tough man",3,3,3,2,2
u/RedPillAlphaBigCock,2,"Also see if you can talk to your professors , I know it‚Äôs really hard but if you can put in the work you may be able to pass . I strongly recommend keeping up with the therapy.

You will have a new life when you finish Uni and get a job , you won‚Äôt have to worry any your parents for ever üòä",2,2,2,2,2
u/Patient-Highway4735,1,I just had a look through your comments and needless to say you‚Äôre disgusting,4,4,4,4,4
u/Bayek3087,1,"I am 36 years old and the only women I have kissed have been prostitutes, because at 27 I was a virgin and I did not want to keep waiting.  
I do not know what to tell you. Except that at least it helped me for a while to try to fool myself. I am a failure. But at least at some point I paid to be deceived and feel the touch of a woman.",2,1,3,3,3
u/xRyozuo,3,\*cries in last minute dropout\*,1,1,1,4,4
u/igamezhero,1,"You‚Äôre doing so great to be able to share it with us! Also, managing all of this is a leap not everyone can achieve. I know it feels like slow death but take a moment to see what you‚Äôre pulling off and give a pat on your back please. As you work towards finding a solution, I‚Äôd suggest reminding yourself of the great job you‚Äôre nailing right now, by staying alive, by providing and by supporting your family after all of this.",1,1,1,1,1
u/superkickerjess,5,Couldn't be bothered to do it isn't a great way to word it here,4,4,1,2,4
u/Debsinpain,2,I‚Äôm sorry.  I‚Äôm really sorry.  I wish you didnt know how I feel.,1,1,1,1,1
u/ineedmoneyandbeauty,5,"I used to be like this for 3-4 years. And now i am depressed to the point that i cant talk. If you can, listen to me, use meds, therapy or anything,  just use any help before it got worse",2,1,1,2,2
u/Primary_Journalist63,1,U good bro?,4,4,4,1,1
u/mayhemandmilk,33,you sound like an incel man,4,4,4,4,4
u/a_fucking_girrafe,1,Man either say something useful or get the fuck outta here.,4,4,4,4,4
u/Porabitbam,3,"I'm so sorry for your loss. Is it possible for you to get grief counseling? I hope you're doing your best to care for yourself, even though I know it must be difficult. I also hope you're not stressing yourself out too much over how you never experienced a mental health issue like this before, because what youre going through is a part of grief, especially when you lose your partner.",1,1,1,2,2
u/Fast_Apricot9993,1,"Stop being so dramatic. Everyone will have to clean up that mess, thats rude. Fact is nobody seems to care about anybody. Get up, get to exercising, start grinding and wait it out, things dont get better until you get in shape and get some money in the bank. That takes 2 years at least.",2,4,4,2,2
u/Eastern-Biscotti-440,1,"The best thing to do would be to try to tell them and prepare for pushback, but try to have conviction in yourself that you NEED help. And you‚Äôll learn something about your parents in the process, like their cultural or religious views against mental health. And not for nothing, it‚Äôll be out in the open for you to fight against or disagree, and hopefully the process plays out that you figure out how to get help (with or without) their help while also getting insight into their personality or views which might help explain the way you are. For instance, if you felt pressured to pretend to be happy you‚Äôll have plenty of material and then some to work on, even if it‚Äôs just online researching parents effects on kids who are like that, if you can‚Äôt find a therapist now.",2,2,2,2,2
u/rosemarytb,1,I can't cope...so I binge eat food and end up feeling sick.,3,1,1,3,3
u/LostTheLids,3,"I feel this. Anytime I'm not actively interacting with someone (aka, when no one needs anything from me), I just kinda... power down. The urge to go back to bed and just stay there is so strong.",3,3,1,3,3
u/rolleepolee,3,"""Power save mode"". I used that exact phrase to describe it today.",3,4,1,4,4
u/tekuguy,1,I feel your pain.. maybe besides the shower part. I started to stay at work later to avoid coming to an empty apartment with nothing but the thoughts inside this head of mine.,2,3,1,1,1
u/whatdoimakemyuseraha,2,"sorry to resurrect this thread but i came here for the same thing :,) been dealing with a heavy depressive episode for the last 8 months which has taken a huge toll on my self hygiene. i‚Äôm glad you posted this and it‚Äôs good to know i‚Äôm not alone.",3,3,3,3,3
u/Valuable_Term108,2,"I usually tell people surface-level stuff about my depression! Like just ‚ÄúI have depression, I take lexapro, I‚Äôm fine.‚Äù I feel like people don‚Äôt really want to hear the truth, because even if they want to help, they don‚Äôt know how. I ruined some friendships when I was at my worst because I would tell them all about my depression, and even when I had made attempts. They thought I was lying. I don‚Äôt think my true friends would react this way if I was that bad now, but there‚Äôs a limit to everyone‚Äôs compassion. At a certain point, it‚Äôs too much.",2,1,2,3,3
u/Major-Ad-429,1,Yes.  Both in recall and in accuracy,2,4,1,4,4
u/Any-Plum3877,1,Im not asking him to be okay. I have had depressesion tried to stop living. I know he cant force himself to be happy. But it still hurts to pour my heart into caring for him (because i know how it feels) and him not be happy for me. I dont mean i want him to stop being depressed because i had good news. I just mean I want him to be happy on my behalf. Like congratulate me and listen/ask questions when I have one good thing happen,1,1,2,1,3
u/Ashamed_Ad9771,2,"Its fine to drink in moderation (though honestly alcohol is bad for you in any quantity), but be careful when using it to self medicate, as that can be a slippery slope. One or two drinks a week wont hurt, but if you start doing it every day, even if its just a few drinks, it can be pretty detrimental to your physical and mental health. Honestly, SSRIs are quite a bit less dangerous than alcohol, and I would say theyre worth giving an honest try before resorting to alcohol. Some supplements can help too, like Rhodiola Rosea and SAMe have helped me, but talk to your doctor first before starting anything new.",2,2,2,2,2
u/GuldursTV90,1,"Acceleration of entropy and heat death of the universe. 
  

  
Or our dimension is something like a penal colony or hell.",4,4,4,4,4
u/LickLickMyDubDub,1,Please if there is a god get me the fuck out you sick fuck,4,4,4,4,4
u/MountainClimba,-4,"what if the pain these beliefs and thoughts produce are pointing to their untruth? and thoughts that feel better are actually guiding you towards the wholeness that you are in truth? you are cherished, my dear. :)",2,1,1,1,1
u/xSven15,1,Anytime.. I‚Äôm always skulking around this subreddit helping people.,2,4,2,4,4
u/whynotphog,1,"Depression is such a sponge. Takes in all of my energy and then isn't satisfied and takes everything. My spirit, my motivation, any future energy I'll get.",3,1,1,1,3
u/latenet_revolution,1,"My mother got angry and said ''you're acting like you don't wanna live'', I confirmed she was right and she continued to be angry, especially because she had a hard life too, and I should deal with it.",2,1,1,3,3
u/GhostC10_Deleted,1,"Absolutely true. When I was at my worst I'd listen to Tiny Victories by Christina Perri while doing hygiene stuff, it helped keep me motivated to keep going. I managed to go to work, take care of the kids, and kept moving forward. One slow step at a time, just keep moving forward.",3,3,1,1,3
u/AnotherYadaYada,27,"You haven‚Äôt fucked up, you have had a traumatic experience that you‚Äôve not been able to process and you are going through this alone.

You need to ask for help, a doctor, trusted teacher, school counsellor. Somebody that can help you. Don‚Äôt be afraid to ask for help.

I‚Äôm not saying there is a perfect fox at the click of fingers, but getting some help is better than no help and feeling how to you do know.",2,1,2,2,2
u/brittany09182,3,"Twice a year dental exam and brush at least before bed every night. I like to floss every night too, brush tongue and gargle mouth wash all before bed",2,2,2,4,2
u/Walter-Ayalastati,1,"In my experience, you can‚Äôt stop thoughts. So trying to make them shift towards a more positive and hopeful one is impossible manually, in my experience. The good news is that I believe they can change for the better when you give them a space to breath they, again, in my experience, be more grounded in reality, which is often less macabre than your thoughts can be.",3,3,3,2,2
u/Debsinpain,1,Thank you. How‚Äôs your day?,2,1,1,4,4
u/ImmiSnow,1,Yeah. I feel this way too. So many bad things have happened to me that I don‚Äôt feel like going on anymore. The only future I can see is one where things continue to get worse and worse.,3,1,1,3,3
u/Aware_Celebration_88,1,"Infinite possibilities for experiences. Sometimes I wanna die for a long time and then I try a new flavor of boba or a new game or I even just go down a new street somewhere and I get real sad that I could have missed it. 

Sometimes even hardships make me feel this way. My dog died and it was hard. For a long time when he was sick and dying I wanted to die so I didn‚Äôt have to see him like that, but I got to hold him while he passed and he knew I was there. He and I wouldn‚Äôt have had that if I had painted the wall when I wanted to.",3,1,1,3,3
u/Rafstarz,1,"Either your personality negative, too shy and awkward or you come of as rude. But anyway you haven't seen repulsive, dw your beautiful.  Keep your head high,  if anything I'm repulsive. If it upsets you that much seek advice from a therapist.",2,4,2,2,2
u/sparty0506,1,How's it going for you?,2,1,1,4,4
u/whynotphog,1,It definitely gets harder the longer you're around. I feel you.,1,3,1,1,1
u/Sorry-Juggernaut-165,1,"thank you and yeah it sucks... I'm the older sister so I've been forced to look after everyone but no one bats an eye when i'm going through something because I'm supposed to be ""the strong one""",3,1,1,3,3
u/dangerous-art1,2,Yup on Lexapro and I‚Äôm not sure if I wanna keep taking it do to this,2,1,2,4,3
u/FlawedPersistor,5,"Please dont leave your child in this world alone. Even they are 30, they would still need you.
I understand the burden of living, heck even existing but you are one strong soul..just keep taking it one day at a time.",2,1,1,1,1
u/KrakeningTheCheeks,3,"It's okay to be selfish sometimes, mostly when you need it.",1,4,2,1,1
u/Mattyisgone94,1,"I am drank 7 beers, so I cant",2,4,4,4,4
u/AnouuSi,1,the delicious drugs you could not very legally buy,4,4,4,4,4
u/Careful_Jicama4365,1,Thankyou so much this actually makes a lot of sense !! Will definitely try this :),2,4,2,1,1
u/Princessxrenaa,1,And another big thing I struggle with is saying no & creating boundaries so when I don‚Äôt wanna do something I feel stuck & I feel obligated to do it idk why I feel like my whole life has been what other ppl wanted me to do & not what I truly want to do but how do I start living for me when I never did it before?,3,1,1,3,3
u/imafuckingidiot47472,1,I DO WUT I WANT,2,4,2,4,4
u/dangerous-art1,1,Same man just got into my 30s kinda got me even more depressed I thought I‚Äôd have something figured out by now but I‚Äôm just starting to realize what I need to do and I can‚Äôt change the past,1,1,3,3,3
u/Luc1d_Squ1d,1,"It is a thought but a strong one, a strong one that makes you want to isolate yourself from the world. That convinces you that you're a burden, absolutely worth nothing and could easily be replaced by anyone.

I stopped talking to people about my own things because they either don't understand, don't care or I feel like I'm bothering them.
I started to repress a lot and now the emotions are so overwhelming it feels like it fried itself and I can't feel anything anymore.

Please lend an ear to those who need it‚Äî your friends, family and so on, it's extremely difficult to deal with this.",1,1,1,3,3
u/xkitten14x,1,I will never see him again so I‚Äôm not worried about it now just more getting over it myself mentally,2,1,1,1,3
u/ComplexRhubarb9126,12,"Long term depression here. I've had multiple episodes over the decades. I self-medicated when younger (not a good idea, I did more harm than good in the long term). It took decades to find antidepressants which work with manageable side effects. I actually thought I was better since I've had a 6-8 year spell where I wasn't seriously depressed despite life being hellish.

This round has lasted about 1 year but only became seriously awful a few months ago. AD fully kicked in, suicidal thoughts totally gone and I've not randomly burst into tears in weeks.

Hang in there, it really can get better.

(edit: Spoke a bit too soon on this one - still hitting lows with the ADs and a bit of worrying suicidiality which I am just so tired of. Better but not anywhere near out of the woods)",3,3,1,3,3
u/NorthernSolution,1,Sounds like me when I soloq counter strike,3,3,3,1,4
u/catsarefurryfriends,2,"Thank you.

He doesn't know it, but he's my main motivator.",3,1,3,3,3
u/IntroductionPale3374,1,"Maybe try antidepressants if therapy isn't working all that much? Loneliness is a depression in of itself, so my suggestion would be to find a group or hobby that you can partake in and build connections with new people who won't betray you. And in terms of marriage and your ex-husband, I suggest you stay single for the time being. Respectfully, you don't deserve to be with someone if things will stay the same and you aren't genuinely content with yourself and your life. They don't deserve you. You say you wish you had someone who cares about you. Don't your kids care about you? They are part of your life and you are treating them like a duty to take care of and nothing more. Your best bet is getting those antidepressants, therapy, and finding groups or hobbies to can join to socialize to feel less lonely. Even a mental health group would be amazing for you.",2,2,2,2,2
u/Accomplished-Bed-351,2,I respect your opinion. Do you have anything to add?,2,1,2,1,1
u/bossbabe4061,1,I hear you. I sleep as much as i can to avoid this thing called life.,2,1,1,1,1
u/Totally_not_an_alt8,1,"Hey, yeah of course any help is good and thank you for trying to do so. I know of some hobbies she has. she used to enjoy playing games with me, but we stopped recently because she felt it was too childish. She does like to cook and I‚Äôve been learning recently so maybe i could ask her to give me classes? Idk if that would be good enough tho.
And im scared of going straight to her family because i don‚Äôt want to betray her trust, but i already thought of it because I‚Äôm fine with her being mad at me or even hating me for it if it means she will still be here. But yeah it‚Äôs a possibility",2,1,4,2,3
u/Geiir,1,"I too thought I didn‚Äôt have a bad childhood, and I really didn‚Äôt. But my parents weren‚Äôt the best at talking about and helping us understand and explore our feelings. 

This has made some feelings like anger and joy become feelings I‚Äôm not ‚Äúallowed‚Äù to feel, so whenever they pop up I suppress them and anxiety starts creeping in. 

The stuff that messes us up today may be stuff we never even thought of. 

I also want to add that it may also be purely biological.",3,1,1,1,3