submitter_username,score_submission,content_submission,commenter_username,score_comment,content_comment,thread_id,url,submission_score,comment_score,improvement,sentiment_tracking_category
u/Leather-Bend5813,7,"I dont know how much longer I can take this (may be triggering) I apologize if any of this is incoherent nonsense. im feeling a lot of things right now.

ill probably delete this later

&#x200B;

I know that I am selfish for wanting to die, but I dont think ill ever be happy with myself. 

my grandpa ruined me just as my grandpa said. he molested me and my family doesn't even know, but him and my grandma also spoiled me giving me whatever I wanted and letting me eat whatever causing me eating problems. I hate how I look and m appearance, and they dont help at all with me trying to change it and it is hard for me to change too because of how I was raised.

 and I think subconsciously I dont want to look good so my grandpa won't think so either. he always says he wants to see me lose weight before I die and that I should try harder, but when I do he says I look sexy. I hate this house and my appearance. 

I was also SAed by an ex but didn't realize for a while. when I was younger I thought my only value was my sexual appeal, and now my body is ruined, so I subconsciously think I have no value. I have stretch marks and scars, I have hidradenitis suppurativa (however u spell it) and although its a milder kind I have scars. and I have stretch marks and im so unsymmetrical.

 im afraid to never find someone who loves me and I love them. 

the only person who's number one I am is my grandpa, and I hate him. my mom has a husband and kids somewhere else now, and my grandma loves them most. my friends dont really talk to me and have their own best friends.

I know the scars my fade, and I could lose weight and try to get the desired body I want, but the scars will be there. and I will be uneven, I have stretch marks. im just so tired. we are all going to die anyway, and nothing I do here will last. I dont think that I can ever love myself, and I hate living where I do. I want to change and do things but my body and mind won't let me, and the people in my house dont help at all. and even if I did change, there are some things that I cannot change. 

as my uncle says, I am ruined, and I dont know what to do other than die. I just want to love myself and be loved, but at this point I dont think I ever will.

thanks for reading if you did",u/Leather-Bend5813,2,"Thank you for the reply and kind words; I have found it is hard to find understanding people on Reddit at times.

I haven't given up yet, but I want to as I feel I can never love myself due to my physical scars that were and are caused by my emotional ones. 

I have to live with my grandfather at the moment, which makes it much more complicated, and my mental illnesses and skin condition make it harder for my body to do things and make the cages I need to so I can get money and leave. Even if I could, my body will always be terrible, and I will be reminded whenever I look at myself.

I don't want to be strong anymore.",145k3g8,https://www.reddit.com/r/SuicideWatch/comments/145k3g8/i_dont_know_how_much_longer_i_can_take_this_may/,-0.9992656111717224,-0.5459949970245361,0.4532706141471863,slight positive
u/Leather-Term8688,5,"Run Fuck what time it is.
Forrest Gump it.",u/Leather-Term8688,1,"Idk fkn anything. Feel good. Go for a run. Feel like trash go for a run. | Also, you don't need to run ""from something""",17lzm5b,https://www.reddit.com/r/SuicideWatch/comments/17lzm5b/run/,-0.9967188239097595,0.9765376448631287,1.9732564687728882,significant positive
u/LeaveitallbehindXII,2,"Today Todays the day I found my best friend and every year I just cave in and have these guilty thoughts like I should be there with him in the ground. No one around me seems to give a shit and I‚Äôm slowly just losing it I think. I sleep upwards of 18 hours a day at this point and just want to escape like a drug. I see him in my dreams and I‚Äôm so lost to think I‚Äôll never have a connection like him ever again. Can‚Äôt smoke or drink myself out of it, can‚Äôt feel anything with anyone else and I‚Äôm just about ready to leave. I guess I‚Äôm writing this because I hope someone understands the feeling. I know I‚Äôm not special and this isn‚Äôt something no one goes through but I‚Äôm just trapped.",u/LeaveitallbehindXII,1,"I‚Äôm just numb, I don‚Äôt care who I am at all. I don‚Äôt idolize him I just want to go where he went so I can be happy again",11zvj0u,https://www.reddit.com/r/SuicideWatch/comments/11zvj0u/today/,-0.9762089252471924,-0.9994788765907288,-0.023269951343536377,neutral
u/LecheDesnatada8,1,"I hate being ugly. I'm only 16 and already I have been cursef with the ugliest face imaginable for any human being. I feel sick when looking at my fat, disgusting, horrible facial features, my jaw looks deformed and my cheekbones are bigger than my entire face. I've been trying to go to the gym to lose some face fat and gain atleast a 5/10 face but to add insult to injury, my metabolism is the slowest I've ever seen so I can barely lose any fat and by eating just a little I already have gained all the weight I have suffered to lose in 3 months. I can't do this anymore, I don't even have to mention that people treat me like absolute trash, and I can't blame them, Orcs live under bridges for a reason.
I'm commintig suicide tomorrow, I don't care, my face Will never change and I refuse to live the rest of my life being discriminated for being born with the worst traits possible. Goodbye world, and thank you for reading this, this is my last post on the internet ever, and If nobody sees this than fuck. Not even in my death does someone have any enpathy towards me...",u/LecheDesnatada8,1,"My ""Friends"". Because they get all the girls and are having the time of their lives while I'm constantly alone and women treat me like shit. | I don't wanna be fucking heavy, It hasn't done anything for me. I wish to be skinny | Too late. | My least favourite cardio activity. | I look very bad without a shirt on, I look fat. | Never liked It not even in the cooler season. It feels more like pain and more pain and after I feel more pain instead of feeling good. | I hate the idea of plastic surgery, If I'm not naturally beautiful then there's no point in living. | Not at all cute. I've tried swimming but recently no sport is giving me any sense of satisfaction. | Not really.",160zt5s,https://www.reddit.com/r/SuicideWatch/comments/160zt5s/i_hate_being_ugly/,-0.996358335018158,-0.99921715259552,-0.0028588175773620605,neutral
u/Lecter26,8,"Please help me understand So, as probably everyone here, I‚Äôve been thinking about leaving for good for a decade now. In the past 5 years, I‚Äôve saved up about 60 mg of klonopin and 10 mg of Xanax. For reference, I weigh just 110 lbs. I also have weed and SSRIs if that would help even more, I guess. My ‚Äúplan‚Äù is to take all that (kpin+can) mixed with as many vodka drinks as possible before I fall asleep. The matter of whether this would work or not aside, does anyone here know what the potential physiological side effects would be if I did survive?

Please, if anyone here works in the medical area or has extensive personal experience with benzos, I would love to hear your thoughts. We all know the internet doesn‚Äôt hold straight answers for people like us. My mom is a doctor but it‚Äôs not like I can ask her lol",u/Lecter26,1,"Depression that no meds have been able to treat (yes, I also go to therapy,) anxiety, cannabis dependency that I can‚Äôt solve even though it makes me feel even worse, terrible life choices of my own making, loneliness.

I‚Äôve actually led a pretty privileged life and have never gone hungry or homeless or anything, which makes me feel even worse about being this weak. But yeah. I chose the wrong major in college, then I took a job I knew I was a terrible fit for just bc I was tired of job searching and abstaining from weed to pass the drug screening. Now I‚Äôve gone and quit said job on a breakdown and will have to move back in with my mom and it sucks. I have no plans, no motivation, no passion for anything, people ask what I wanna do but I just don‚Äôt fucking know. What I want is to be gone. 

Thanks for asking, I guess | Thank you for replying.. best case for me is a permanent coma, if you will- I‚Äôd ask if you think that‚Äôs unlikely, but Im not sure if its against the sub rules (?) 

In any case, definitely having second thoughts on this method | Not even with alcohol?? Damn",18u4xue,https://www.reddit.com/r/SuicideWatch/comments/18u4xue/please_help_me_understand/,-0.9979425072669983,-0.9887868762016296,0.009155631065368652,neutral
u/Legal-Ad-3713,20,"No one loves me 2023 has been the absolute worst year for me. I've lost countless of friends because of my depression and how it was making them feel bad. I've lost multiple jobs because of depression. 

Things were getting slightly better but then yesterday I got blocked by a person I cared the most. They fed me lies telling me that they'll never leave me and that they would cry if I left them etc.

I actually believed them I genuinely thought this person was going to be by my side but nope they ended up blocking me.

The suicidal thoughts are at an all time high for me, I keep thinking of wanting to drown myself in the local pond. I even started searching up what death is like just so I wouldn't be scared about dying. 

I genuinely believe that no one will love me, my family abused me for years, all my friends eventually leaves me and any girl I try to get into a relationship ends up leaving me.

I'm unlovable and I can't bear to live just to keep being reminded on how unlovable I am.",u/Legal-Ad-3713,2,It's hard to love myself when you've grown up in an abusive family who barely showed love towards you. I've tried my hardest by self improvement and doing things I like doing but in the end I'm alone. | I like art and creativity. Recently I've been interested in making my own clothing brand and music. Although my depression these days is quite bad that I just lay in bed but when I do those things I feel pretty good. | Thank you. I'll keep trying then. | Thank you that means a lot to me. | Next year I'll be joining an American football club. It's just that they're out of season for the rest of the year. I did try to join a DND club but the people there were significantly younger than me so I couldn't really engage with them. The main hobbies I have is art a d creativity. I've tried to escape by playing video games but I've slowly lost interest in them over time.,18ckv4a,https://www.reddit.com/r/SuicideWatch/comments/18ckv4a/no_one_loves_me/,-0.9993745684623718,0.99790358543396,1.9972781538963318,significant positive
u/Legal_Concentrate749,2,"I want to stab myself in the heart I keep holding the knife in the air to do it but I can't, I'm too afraid of the pain and how long it will take. There are no guns in this country and no access to quick pills apart from over the counter shit. I'm so fucking lost",u/Legal_Concentrate749,2,I just can't deal with the constant feeling of pain and anxiety. Every second of the day I feel my stomach twisting and my mind racing with thoughts of loneliness,17rq8dm,https://www.reddit.com/r/SuicideWatch/comments/17rq8dm/i_want_to_stab_myself_in_the_heart/,-0.999600350856781,-0.9930863976478577,0.00651395320892334,neutral
u/LegitHadEnough,1,"30F and Autistic. Doing a degree and leaving with a 3rd because I can‚Äôt deal with it. No employer will look at me because I have a gap on my cv from being mentally ill. I‚Äôve had enough. The funny thing is I‚Äôve already attempted 3 times  in my life. 

Also, I‚Äôm pretty sure my parents are sick of me now. 

We never even do fun things or spend time with one another as a family. Either they‚Äôre complaining at me for something or moaning about how fucked everything is.

And speaking of fucked yes, pretty much everything in my life is fucked right now. I can‚Äôt get a job because a) the gap in my cv and b) my social skills have failed me at every interview. 

Thanks Autism.

Thanks for ruining my life.

Oh and thanks to my wonderful mother-in-law for making me question my next steps. Was thinking of upskilling in a trade that requires social elements, which I can accept. She tells my boyfriend ‚ÄòOh, but she‚Äôd need to be social with people all day‚Äô as in, even she questions if I would be able to handle it.

I really don‚Äôt think I have a future anymore. I‚Äôve disappointed so many people and also let my family and my boyfriend down. 

I‚Äôll never be what they expect of me.

I‚Äôll never be a functioning member of society.

And please don‚Äôt tell me What I need to be doing to get out of this situation. 

Because I honestly don‚Äôt give a shit anymore.

Nothing matters now. I‚Äôm beyond help and I accept that now. Years of therapy and medication has done fuck all. 

I hope there‚Äôs a better place to go to. Even nothing will do because at least I won‚Äôt be aware of it.",u/LegitHadEnough,1,"Not really. I‚Äôm existing but not living. | I‚Äôm really sorry to hear about your struggles. It sounds like things have been really tough for you. 

I think the way this world works means that those who find social skills difficult will always be made to feel like they can‚Äôt contribute to society. It‚Äôs in the job world, the social world and just the world in general. So I agree absolutely with you when it comes to the way we‚Äôre being made to think and feel. 

Also, I hope you also can live life to the fullest. I understand that at times it‚Äôs not going to always be that way, so I don‚Äôt want to invalidate you if you‚Äôre struggling because the world can be such a shitty place to be in.",11gz9ju,https://www.reddit.com/r/SuicideWatch/comments/11gz9ju/30f_and_autistic_doing_a_degree_and_leaving_with/,-0.9987057447433472,0.9786269068717957,1.9773326516151428,significant positive
u/Legitimate-Edge1524,10,"How do I deal with suicidal thoughts? Every single night (and like once a week at day too) I have really bad  suicidal  thoughts, I have gotten kind of close to doing it too, although, I know there won't be a way to fully remove these thoughts, at least not quickly, but how do I get them off my mind  at least for a couple hours",u/Legitimate-Edge1524,3,"sometimes, a lot of the times it just doesn't work though. | Yeah that's exactly what it feels like | >And the eating and drinking can at least provide a small amount of pleasure. Even though it doesn‚Äôt ease the mental suffering.

Thank you, I will try some puzzles and stuff. | Thank you very much, I will try these. Most of my interests are gone now, the one that I still have is music, I love music so much, soon I would like to become a producer | Rooting for you too <3 | Oh cool! How was learning ukulele? I just recently started learning guitar. | > you literally press one string down. Plus the 4 soft str

Ah alright! I will be looking into ukuleles | >echnique to move your thoughts to something else, even if it's for a brief moment. Tho

thank you for the help | so if I wasn't depressed I wouldn't even think about this kind of stuff? | thank you, I do have some hobbies mainly producing music, I want that to become my job one day (if I make it) not sure if I could get good enough though | >u, I do have some hobbies ma

ty:) I will try",12p7kqe,https://www.reddit.com/r/SuicideWatch/comments/12p7kqe/how_do_i_deal_with_suicidal_thoughts/,-0.9991034865379333,-0.8584261536598206,0.1406773328781128,slight positive
u/Legitimate-Monk8571,1,"I need some advice. Everyone in this post is 13  
My friend, N, has a suicidal friend who has been rather awful to him, she keeps ""venting"" and never takes his advice, I asked him and he doesn't even know why he's friends with her.  
She has attempted suicide before because he muted their group chat, if I remember correctly.  
She's really wearing him down.  
The way I see it, He's responsible for his own actions, she's responsible for hers.  
My friend doesn't have to suffer because she can't handle being blocked.  
He keeps saying he can't ""abandon"" her.  


Am I being cruel here? There doesn't seem to be a right answer here, It's either he suffers or she suffers.",u/Legitimate-Monk8571,1,"The problem is, he's trapped, he doesn't want to be associated with her, but he doesn't want her blood on his hands, but he always complains, she keeps venting and talking, and doesn't take his advice, I'm seriously starting to think she's doing this for N's (platonic) love, not because she's sad that her grandmother died 4 years ago.

I know this sounds evil, accusing her of being suicidal for attention, but she's gone past the point of suicidality and into indirect threats to trap him, I don't usually doubt those things, but she's hurting herself and everyone around her by just not growing up | He said it wouldn't be the first time in therapy, and that he'll never be mentally well",155ggov,https://www.reddit.com/r/SuicideWatch/comments/155ggov/i_need_some_advice/,-0.9989498257637024,-0.9952417612075806,0.003708064556121826,neutral
u/Legitimate-Safety-40,1,"Coming to the end My life was always like a horror. But most of childhood time i forgot. I hate myself and the
way i look. I cant get friends, i have angry issues. I trust nobody. Fighting depression and anxiety for 10years.  Things i wanted to do in my life are not possible. I left college because of the  job but later i lost the job. I have nothing to do . I just cannot live. Today i was at job interview. The job is terrible minimum wage, it is production line, and i will never ever do this job. Two years ago i did it in another factory for 2 months and it was like bad dream. So on the way home i decided im gonna kill myself. So now I am thinking how to do it. Maybe overdose but its hard. So i thought about hanging myself. I would love to blow my head off but i cannot get a gun. I dont know but i will figure it out.",u/Legitimate-Safety-40,2,"Yep thats true | Thank you, i tried attemping once and i am still sad it did not work‚Ä¶ i am thinking about it everyday. I dont want to live. It hurts inside for many years and its too much for everybody",12ckda9,https://www.reddit.com/r/SuicideWatch/comments/12ckda9/coming_to_the_end/,-0.9988152980804443,-0.9667993783950806,0.03201591968536377,neutral
u/Legitimate-Tap6542,48,"I don't know what to do I (f18) just found out that I'm pregnant and I have absolutely no idea what to do. I've been feeling depressed for months, I'm in the middle of finals, I can't afford a child and I do not want one. I can't afford to terminate the pregnancy and at this stage, just giving up on everything seems like my only option. I seriously doubt that anyone would really notice or care and I am feeling so lost. I don't know how to do this anymore and I've been wanting to just give up for a while and it feels like the pregnancy gave me the go ahead to do it. I can't keep going anymore.",u/Legitimate-Tap6542,7,"I don't know how to get to the places (or where I'm supposed to find them) and even if I could, I can't afford any of the resources or procedures because I'm in high school, I don't have a job and I don't have medical aid. My parents won't be able to help either because we've been struggling financially. I can't bring myself to tell them about this because they'll be so disappointed and then I'll feel worse about this whole mess. I'll just become more of a financial burden | I live in South Africa, so it's at least legal to have an abortion but I can't afford one. I have looked into the costs between study breaks, and it's over 8k to have it done at a hospital and then there's a clinic where it's just under 3k but I have no idea how I'm supposed to get there, especially without telling my parents where I'm going. I am scared and I have honestly never felt this alone before. If you're able to offer any advice, I would really appreciate it but I also understand if you're not able to help - this is a really difficult situation. But I seriously do appreciate that you wanted to help | Thank you for the advice and for understanding that this is difficult. I've thought about asking which steps to take now in a subreddit in my province and I'll have to get to that in my next study break. I'm honestly just really scared | I am 6 weeks along | As much as I would love to go to my parents and tell them, I can't - they won't be able to help financially and I would not survive disappointing them like this. I am the oldest sibling, so there's no one in my immediate family that can offer advice or help me get through this. As for women's organisations, I genuinely have no idea how to even stat getting into contact with them or if they'd be able to help. I honestly don't think I'd even be able to afford their help at this stage | I know that there is a Mary Stopes clinic in my province, but I do not know how to get there or if I'd even be able to get there while it's still safe to get an abortion done with the pill. Even if it is free, I can't rely on there being no payment (the last I checked, it would cost a bit under 3k for what I'm assuming is the surgical procedure but I don't know anything about the cost of the abortion pill itself) but if it turns out that there is a payment that I have to make, I would have no way to pay them. My main concern is just getting there at this point and figuring out how to cope with this in between finals | I am currently talking to him about this and we're discussing our options. | Thank you for your comment and showing me where to get more information, I honestly appreciate it. | I was scared that he'd be angry, but I let him know and he's being very supportive and we are seeing what our options are. Thank you for your comment",17r6sde,https://www.reddit.com/r/SuicideWatch/comments/17r6sde/i_dont_know_what_to_do/,-0.9994083642959595,-0.9997393488883972,-0.00033098459243774414,neutral
u/LegitimateSmell5637,29,I hit my absolute low. I stole dog food and toilet paper from a dollar general. A sheriff showed up at my parents house and gave me option return everything which I did. My parents got in town and spoke to sheriff. My father has completely told me I have no family.killing myself is the only way out Help,u/LegitimateSmell5637,6,Thank you for reaching out. I feel so alone right now. I feel like the only way for people to understand the pain I feel and have always felt is for me to not be in this world anymore. I feel like I‚Äôm just a disappointment and everyone would just be better off without me. | Thank you guys it‚Äôs nice knowing I have a community that I talk to. Sometimes when you feel so alone and so hurt it‚Äôs nice knowing I‚Äôm not the only one. I‚Äôve had to deal with mental illness for a long time and sometimes it‚Äôs just so easy to think I‚Äôm so tired my brain is so tired I just can‚Äôt do this anymore.,12u9d7c,https://www.reddit.com/r/SuicideWatch/comments/12u9d7c/i_hit_my_absolute_low_i_stole_dog_food_and_toilet/,-0.9991157650947571,-0.9499334692955017,0.04918229579925537,neutral
u/Legitimate_Age_721,3,"my life is awful my country is at war and I was fired from my job and I don't know how to live, I have many illnesses and I am all alone and I have no friends or girlfriend and never will have a friend or girlfriend because I am boring and ugly I don't know why to live I am tired",u/Legitimate_Age_721,1,"I'm afraid of getting badly wounded but not dying, and I think my country did the wrong thing by starting the war, so I don't want to fight for it.",11c6ze1,https://www.reddit.com/r/SuicideWatch/comments/11c6ze1/my_life_is_awful/,-0.9996875524520874,-0.9964080452919006,0.0032795071601867676,neutral
u/Legitimate_Design339,1,"Thinking about suicide right now Why should I not do it? Just give reasons please, I want to challenge the idea",u/Legitimate_Design339,1,"I have lived in 7 countries. Professionally speaking, I have reached the top and moving to my own apartment it‚Äôs something I have already did. Keep challenging the idea with other things, let‚Äôs see where we get.",178jxlm,https://www.reddit.com/r/SuicideWatch/comments/178jxlm/thinking_about_suicide_right_now/,-0.9728060960769653,0.9984413981437683,1.9712474942207336,significant positive
u/Legitimate_Leave_857,5,"I (26F) am so lonely, I have no one left. I don‚Äôt know how to survive feeling like this (autism, adhd depression anxiety etc) I feel so fucking alone. Slowly over the years I‚Äôve lost almost all my friends because they either ghosted me by completely disapearing (9/10 I have found out they grapevine it‚Äôs because they find me weird or annoying and don‚Äôt communicate that, just leave). or I have seen true colors that scares me from wanting to be friends with most of the people in my scene. 

I had been feeling this way for a while, but basically since the pandemic I‚Äôve been feeling it way harder. I assume I‚Äôm not alone

What‚Äôs even harder is I have an online following. Not huge, but about 15k ppl who follow my art/business. It‚Äôs like I have support but it‚Äôs not personal. I only exist for the art I create and what people buy. But Every single person who have mutually showed interest in being friends with, I will hang out and they will say or do something offense. (I‚Äôm not super PC‚Ä¶ I just have morals and am not an insensitive asshole). So many of these woke Internet personalities are NOT. So much fatphobia, transphobia, and ESPECIALLY entitlement. 
 And I am scared to just post‚Äùwho wants to be friends!!!‚Äù Because I have before and it only goes surface level. 

This has gotten even worse. My boyfriend just broke up with me because I‚Äôm a fucking downer because of all this social and mental struggle. And he was the only one I had left. The ONLY ONE. that‚Äôs a huge reason I was struggling. I was scared he was going to leave me and then I would literally have no one. And it happened. 

My dad said I could talk to him but he told me he was annoyed with me and to stop so I haven‚Äôt called in 24 hours. I feel like a nuisance to everyone in my life. I would tell him I have no one. But he would always say ‚Äúyou have me‚Äù. But it‚Äôs a fucking burden for him he expressed that. 


The only texts I get are spam, or men trying to have sex with me. Every text from someone I care about means SO much to me. When they don‚Äôt respond to me I cry  my eyes out because I had so much hope for a second. 

I can‚Äôt work. I have my own business and I feel like I can‚Äôt do it anymore. It‚Äôs so hard to manage. I feel like such a disappointment to everyone who has rooted for me. I feel like because I can‚Äôt work Im gonna have to escort for $$$. Because if I don‚Äôt I could be homeless within the next few months since I‚Äôm running out of savings. There is no other job I could do that brings in the money I was making having my own business. 

I can barely eat. I have eaten 2 real meals in the month of February. I have felt so suicidal but I don‚Äôt want to tell anyone in fear
1.5010
2. They might see it as me being manipulative, and won‚Äôt want me anymore. but I‚Äôm really just crying for love care and attention. 
3. actually ending my own life would be they only way for people to listen and truly care about me because I‚Äôm gone.",u/Legitimate_Leave_857,1,"I done and done. They just keep upping my Xanax/everything else. 
Suicide hotline said talk to ur dad. But he basically said he‚Äôs over it | I have online friends. Every single one of them I have meet up with in person though it‚Äôs been a actual nightmare. The way they are online vs. who they are in person. | U tell me I‚Äôm posting on suicide watch if I had somewhere to call I would | Read the post.",115l629,https://www.reddit.com/r/SuicideWatch/comments/115l629/i_26f_am_so_lonely_i_have_no_one_left_i_dont_know/,-0.9985811710357666,-0.9977080821990967,0.0008730888366699219,neutral
u/Legitimate_Sir_6284,1,"I‚Äôve never been loved by my parents I‚Äôm (24m) done with life. I spent the whole day skipping class. Looking up resources for how to get support and feel love. I wasn‚Äôt loved by my mother nor father and it‚Äôs hard because they do everything for me. Like I‚Äôm 24 . No I don‚Äôt want them to do it for me. But they don‚Äôt support me. I don‚Äôt have the motivation to do things when I don‚Äôt feel loved. I‚Äôve been depressed ever since I could remember. Suicide seems like my best option because I wouldn‚Äôt have to deal with anymore ups and downs. A therapist left me a message today because I had called today asking when I‚Äôd be assigned one and it pissed me off that I had to call. It‚Äôs been 4 weeks on the waitlist and when I‚Äôm down and out now you want to call me. And my parents have the nerve to tell me they‚Äôre there for me when they‚Äôre the reason I‚Äôm so fucked up. Anytime I‚Äôve ever gone to them for help, I‚Äôm left feeling worse than before. I feel like a monster because of them, unworthy of anything. I‚Äôm just so done with them. And I had to rely on them as a kid, I wanted to run away before. But I had nothing to go to. And I don‚Äôt have anything to go to now. I would only work if I had to, not to advance myself. 
I‚Äôm left feeling like it‚Äôs my fault for even having needs at all",u/Legitimate_Sir_6284,1,"Yeah they took care of me financially too. Its hard to tell the difference, but I was just a tool to get their needs met. Its the same for me, both had significant trauma and justified some of their actions because of the trauma.  

It‚Äôs no wonder I would struggle, and now I‚Äôm just as bad as them. I have no idea how to form relationships and the ones I do form I struggle with using the same strategies they used on me, making people feel uncomfortable. It made me wonder if my life would have been different if even financially they weren‚Äôt taking care of me, if I‚Äôd still be around. I don‚Äôt think I would be.

Thank you for that.

I had to question if your compliment was for real, I know it‚Äôs bad. People would tell me that I‚Äôd always say deep things, I‚Äôm just talking from the hurt. I‚Äôm taking 4 classes at community for a radiology certificate but they‚Äôre prerequisites, chemistry, 2 philosophy, and a health issues class. I was in a program for ekg in the summer so I‚Äôm supposed to get certified soon and felt motivated after talking to a girl to get the rest done quickly but it didn‚Äôt work out so

Also sorry I didn‚Äôt get the notification someone responded and then fell asleep when I was responding last night so I had to retype my message this morning. Hope this reaches you well.",16i3i86,https://www.reddit.com/r/SuicideWatch/comments/16i3i86/ive_never_been_loved_by_my_parents/,-0.9855959415435791,-0.9986559152603149,-0.01305997371673584,neutral
u/Legitimate_Style_212,1,"What's the point suffering anymore I don't want to do it. I am not fit for life on earth, and i just want to pass on now, and leave it behind. I don't want to cope anymore and keep suffering. When an animal is fucking suffering and ill we put it down because we're humane towards it. Why can't humans have the same? I'm so tired of existing, my life is so so crap, I'm finished and why can't i kill myself? One jump from an overpass would do it. Yet, I'm too cowardly.",u/Legitimate_Style_212,1,"Thank you. 
But some of us have no meaning or purpose. The chronic suffering is too much. | Ye i'm still here, i don't have the strength to end my life unfortunately",15rhy7a,https://www.reddit.com/r/SuicideWatch/comments/15rhy7a/whats_the_point_suffering_anymore/,-0.9994858503341675,-0.9996380805969238,-0.00015223026275634766,neutral
u/Legitimate_Tip178,1,"It's Creeping Back I've had a lot of things going on for the past few weeks that I kind of forgot that I'm no longer thrilled with the idea of being alive. Well, now that things have settled down and life has returned to it's usual state, I remember. I hope this doesn't become a routine, every-hour-on-the-hour kind of thing again. I'm no longer in treatment or a ""safe place"", and I might do something rash. Thanks for listening.",u/Legitimate_Tip178,1,"Nobody wants anything from me. Not that I have anything to give. I don't have any companionship or friends. I'm an outsider wherever I go. Oh, and I'm no ""spring chicken"" either. 44 fucking years old. As you can guess, not really interested in being any older than that. | Just started back at it since college 20+ years ago. Definitely a decent distraction when I can muster the will to do it. | Thank you.",1745vmp,https://www.reddit.com/r/SuicideWatch/comments/1745vmp/its_creeping_back/,-0.9974491000175476,0.995344340801239,1.9927934408187866,significant positive
u/Legitimate_Tough2437,1,I‚Äôve decided I‚Äôm done Tonight is the night. Goodbye cruel world.,u/Legitimate_Tough2437,1,Yes I am. I went to the hospital,16zpafq,https://www.reddit.com/r/SuicideWatch/comments/16zpafq/ive_decided_im_done/,-0.9447517991065979,-0.9843724966049194,-0.03962069749832153,neutral
u/Leighmlyte,1,"It‚Äôs not a mental illness, I don‚Äôt want solutions or my mind changed, some of us are just done ü§∑üèΩ‚Äç‚ôÄÔ∏è 
I‚Äôm fed up of life‚Äôs whole ‚Äúup down up down up down up down‚Äù
thing, it‚Äôs EXHAUSTING.",u/Leighmlyte,1,"it‚Äôs often true though.

& that reminds me of the whole ‚Äúconceived & birthed us without consent‚Äù thing | it‚Äôs so true they‚Äôre the overly dramatic ones but they say it‚Äôs us üòÇ | I can‚Äôt trust people who say it gets better. they can‚Äôt guarantee that. 
they know what they‚Äôre doing (lying & deceiving) & the times when things just get worse, they feel even worse because they‚Äôre not equipped & they were lied to.
i‚Äôve saved a lot of suicida l people‚Äôs lives before & never had to lie or deceive them in order to do.

sidenote: unfortunately at the moment i just don‚Äôt have the energy to be helping like before | well said üëèüèΩ",17dwbyx,https://www.reddit.com/r/SuicideWatch/comments/17dwbyx/its_not_a_mental_illness_i_dont_want_solutions_or/,-0.9988076686859131,0.9606912732124329,1.959498941898346,significant positive
u/Leila92,1,"I want to break up with my bf so I can kill myself I (31F) am in the psych ward cuz I just had a suicide attempt that obviously didn‚Äôt work. Now I keep getting this intrusive thought that I should break up with my bf (36M) so that the next time I do it- and hopefully it‚Äôll actually work that time- he won‚Äôt be as hurt by it because we won‚Äôt be together anymore. I know it‚Äôs irrational and stupid and I don‚Äôt Really want to dump him, but I can‚Äôt stop thinking about it.",u/Leila92,1,I‚Äôm so sorry you‚Äôre going through that but it‚Äôs also nice to have someone to relate to. | Thank you for this. This was really helpful. I think you‚Äôre right about giving myself an excuse to let go and what I really need to be doing is holding on to my reason for living. I appreciate your comment. | Thank you | Update: it totally didn‚Äôt work. I‚Äôm in the psych ward now and will be having a LOT of family therapy in my future.,17020eu,https://www.reddit.com/r/SuicideWatch/comments/17020eu/i_want_to_break_up_with_my_bf_so_i_can_kill_myself/,-0.9857284426689148,0.9960640072822571,1.9817924499511719,significant positive
u/LeimarGamer,1,"Going to delay date for a month my plan was to kill myself in middle of February, but i'm going to delay for a month, 14th or 16th of March is the new date, i haven't planned details of the day yet, but my plan is to leave home at 9 AM (going to be home alone that time, everyone leaves early) i will take a bus to arrive at station of bus that takes you to other cities (idk name) then i will pay a man to go buy me ticket as travelling for education purposes (i don't have ID so they won't let me travel to another city alone) all going to be done by 11 AM, i will leave to a city with beach / sea, road might take 3 hours max.

when arriving, i will go buy and eat pizza, after that i must be done at 3:30 PM, i will walk for 1-2 hours max outside city to empty/abandon place where ocean is near, i will sit there for 15 min recapping my life, i will also be carrying my favorite toy (plane i got when i was like 3), since i can't swim, i'm going to jump and drown myself, this will be the hardest part, i will suffer for the last time ever, that's the only way to leave this cruel and unfair life, all this time i will be wearing hoodie with cap and sunglasses.

budget is 30$, all transportations will cost 15$, going to pay that man 2$, pizza price 6$, 7$ left if i needed something else.",u/LeimarGamer,1,"i will order pizza with meat and vegetables | sorry, already made up my mind, nothing going to change my decision.",1085fs5,https://www.reddit.com/r/SuicideWatch/comments/1085fs5/going_to_delay_date_for_a_month/,-0.9967100620269775,-0.9984764456748962,-0.0017663836479187012,neutral
u/cgr1688,1,"I tried to kms and now that I‚Äôve survived I don‚Äôt know what to do with myself, can anyone relate? I tried to commit suicide, spent a few days in the hospital but survived but it‚Äôs just left me with a strange empty feeling, I cry all the time and I can‚Äôt get out of bed, I‚Äôve never been so depressed and I just don‚Äôt know why I feel this way. I feel so alone and that no one understands, probably because I don‚Äôt even understand how I‚Äôm feeling right now. Just an intense sadness.",u/cgr1688,1,"Thank you so much ‚ù§Ô∏è this means a lot to me, I‚Äôve been struggling greatly this week and I appreciate your kind words so much",15u5d3g,https://www.reddit.com/r/SuicideWatch/comments/15u5d3g/i_tried_to_kms_and_now_that_ive_survived_i_dont/,-0.9979153275489807,0.9998006224632263,1.997715950012207,significant positive
u/cgreene89,2,"Can‚Äôt stop thinking about it. A little background about me before I get into it. I (33M) have been married to my wife (33F) for almost 11 years and have dated her for even longer. We have four kids together. I have been in the military almost nine years now as well. My marriage has been rocky since 2015 when my wife had an affair. Long story short on that, we stayed together but this issue keeps coming up to this day. 

A few months ago I reached out to my doctor about struggling with mental health. I was placed on medications and am currently in therapy. Throughout all this my suicidal thoughts have gotten worse. Everyday I have these thoughts and everyday I remember how a friend in the military committed suicide. I have even gone to the point of writing out letters to my kids in the event I follow through with these thoughts. My medications don‚Äôt feel like they are working anymore and since starting them all it has ever done was quiet the thoughts for a little bit. Has anyone else had any issues with medications and therapy not working? I feel like I am at a total loss of what to do and the last thing I want to do is check in to the military psych ward.",u/cgreene89,1,I think that the reason I think about it is because I have low self esteem and low self worth. I figure with the affair my wife can easily find someone else and my kids would eventually be ok. I also have this thinking that I don‚Äôt belong here. So by committing suicide I would no longer be other people‚Äôs problem. | I have talked to friends a little bit but I don‚Äôt unload too much on them because I don‚Äôt want to be a burden. I am stuck in this mindset of ‚Äúyour problems are your own don‚Äôt make it anyone else‚Äôs problem.‚Äù  When it comes to working out I have tried but my motivation is at an all time low. I am doing the bare minimum at work so I can leave early and come home and sleep. I just can‚Äôt seem to get out of this no motivation pit.,123fjtb,https://www.reddit.com/r/SuicideWatch/comments/123fjtb/cant_stop_thinking_about_it/,-0.8882676959037781,-0.9960094690322876,-0.10774177312850952,slight negative
u/cguthrie013,2,"there's nothing interesting to be said I've been cripplingly depressed since I was 8 years old. I've always been pressed into feeling like I'm evil and selfish for feeling suicidal, even when I'm asking for help. I cut myself, I'm fucking 32 years old, and I cut myself still. I dream of dying. I hope with every will that I will just drop dead, because I'm too much of a coward to follow through with anything. I've tried suicide many times before, with 2 of those attempts landing me in the ER. IDK, maybe my heart isn't in it, or maybe I'm just too much of a little bitch to follow through with any plans at all. I have a husband and 2 children. My son just turned 1 and my daughter is about to turn 9. I love them so very much, but I feel like all I do is draw their lives into more and more turmoil. I try to talk to people about it, but I get shunned and made to feel guilty for feeling the way I do. I tried to share some feelings with my husband this morning and he brought both the kids in to make me look in their face as I say I'm depressed and suicidal. I've tried therapists, but they seem to do nothing but make me feel worse. There also isn't much access to any healthcare at all, let alone mental health. Our only therapist in town would come into the local coffeeshop I worked at and tell her client's business to the front of house staff. I can only imagine the kind of things she has repeated that I have said. I guess I'm really just trying to get my feelings out in a way that I won't feel judged. I hurt. I hurt a lot. I don't want to leave my kids behind, but I'm beginning to feel so hopeless; like everything I do is just dragging everyone around me down with me. Maybe everyone's life would be better off if I wasn't there to destroy it. I don't believe in God, but maybe there is a reason why I don't get the help I'm asking for. Maybe I'm meant to die. Maybe I'm not meant to be a part of the living. Maybe happiness isn't for me.

Thank you for letting me vent my feelings.",u/cguthrie013,1,"I realize as I go back and read this, that I never actually vented a single feeling. I only explained why I think I am validated for feeling human, only explained why I need to feel and never once said how I felt. I honestly don't know which makes me feel more alone, the fact I tried to belt out my feelings to an audience and did nothing but ask permission to feel or that I actually have the feelings.",10sq539,https://www.reddit.com/r/SuicideWatch/comments/10sq539/theres_nothing_interesting_to_be_said/,-0.9959956407546997,-0.9800829291343689,0.01591271162033081,neutral
u/chaimatchalatte,33,I am scared to attempt S because I don‚Äôt want to succeed. But it feels like I am not ‚Äúdepressed enough‚Äù if I don‚Äôt attempt. What the title says. Miserable. That‚Äôs all what life feels like at the moment.,u/chaimatchalatte,6,"ü§õ | I am SO sorry you had to encounter such doctors. That is terrible. With that little empathy they have no business handling patients. 
I hope you find a way to handle whatever you are going through. You don‚Äôt deserve these thoughts. | I feel this. I would also call myself privileged in many aspects, but that does not mean we are less deserving of care and empathy. There is no use in comparing people‚Äôs sufferings (even though I do it too sometimes.) I hope you can be kind to yourself. | Made even worse by accounts of attempt survivors who say they regretted it immediately when they jumped. They are lucky they still made it. But we can‚Äôt know if we would be lucky too. 

It‚Äôs kinda shitty to wish you stay afraid, but I hope you do. Until you don‚Äôt want to attempt anymore. | I can‚Äôt bring myself to tell anyone close to me. It feels like such attention seeking when all I want is for someone to hug me and tell me my feelings are valid. But I‚Äôve decided I will tell my therapist tomorrow. 
I hope you can find someone to open up to, too. | I‚Äôm sorry. I hope one day you won‚Äôt relate to this feeling anymore because you found a way to make life good again. | ‚ÄúGood‚Äù. Please don‚Äôt. | Look at us talking about these things and saying ‚Äúlmao same‚Äù. We don‚Äôt deserve this. I hope you find something healthy to heal your pain.",123ni4x,https://www.reddit.com/r/SuicideWatch/comments/123ni4x/i_am_scared_to_attempt_s_because_i_dont_want_to/,-0.998554527759552,-0.9731795191764832,0.025375008583068848,neutral
u/chainedandassbanged,1,"Offing myself I've been debating suicide for a few weeks now I am F16, I just turned 16 but I just don't want to live anymore",u/chainedandassbanged,1,"Just life stuff and I have no one, but thank you so much | My parents yell at me when I tell them when I feel like this, I have no safe place, everyone has left or ignores me | They abuse me when I say I'm suicidal, saying they'll kill me themselves. And I have no adult or anything like that to talk to because I'm in a new school",17gdwfv,https://www.reddit.com/r/SuicideWatch/comments/17gdwfv/offing_myself/,-0.9988468885421753,-0.9647890329360962,0.0340578556060791,neutral
u/chaineddownrat,8,"the only thing keeping me alive at this point is that my mom would be sad if i died i don't want to make her sad, but i don't want to be alive. 

every day is the same. i hate being alive, i just want the pain to stop.

i've tried to reach out for help, but last time i did that i got put in a psych ward and was traumatized. thinking about it still makes me cry almost a year later. no one can save me. 

if i had easy access to a quick, painless, easy way to end it all i would, but i don't want to make my mom sad or ruin our family again.

i'm so tired.",u/chaineddownrat,1,thanks,10syvcb,https://www.reddit.com/r/SuicideWatch/comments/10syvcb/the_only_thing_keeping_me_alive_at_this_point_is/,-0.9985170960426331,0.9998080134391785,1.9983251094818115,significant positive
u/challenging_rodent,14,"The one person who loved me left My name is Katie I am 12 years old, I started sh at 9 and I can't stop. My parents don't know and probably wouldnt care. My bff vivienne left me with no explaination and just ghosted me, they are the only one who knows about my sh and suicide attempts and they still left. I told them that they were single handedly keeping me alive and I wasnt kidding. I have texted everyone goodbye and no one has replied but most have read it including viv, so here is my final goodbyes unless someone snappes me out of it which i doubt. 

Mum, dont cry for me

Dad, dont ever let go of mum

Tom, dont ever stop doing what you lofe bc of me

Grandma, fuck you

Viv, here is your bday gift, happy bday",u/challenging_rodent,6,"thank you, kind strangers help people, you made me go to my parents and they hugged me for the first time in years, i am in tears, you saved a life | Thank you once again, i am currently in therapy and living a much better life, thank you :)",14o4y7s,https://www.reddit.com/r/SuicideWatch/comments/14o4y7s/the_one_person_who_loved_me_left/,-0.9980469942092896,0.9997356534004211,1.9977826476097107,significant positive
u/champolaBR,2,"Help How do I hide scars without raise suspicion? I don't want my family to see them because I know they will freak out, and I can't just use a jacket to cover it because it's too hot and they would suspect. Open for suggestions.",u/champolaBR,1,"Bracelets wouldn't work because my scars go from my wrist to my elbow, but I think I can get some makeup from a friend. Thank you for the advice",17bbnbp,https://www.reddit.com/r/SuicideWatch/comments/17bbnbp/help/,-0.957312285900116,0.9895319938659668,1.9468442797660828,significant positive
u/changing_everyday,2,"A loser like me should just die i have been unemployed forever. i kept looking but nobody would hire me. i kept looking for internships. i am not even accepted for internships as well. i live with my parents who belittle me all the time. i bring nothing to my family, friends, society and the world. why should i keep living and waste resources? i don't have a husband nor do i have children which means nobody depends on me. my parents have another daughter and have grandchildren as well so they will not be lonely in their old age. i have been thinking about ending things for a long long time. i have seen people go. it's not that hard. the people near us grieve but they eventually move on. i have two plans now plan A- which if successful keeps me living, plan B - is just me ending in failure and dying. i honestly have failed too many times. i kinda feel relieved that i have finally made up my mind. i will not die right away but this is my long term plans probably six months or a year from now on.",u/changing_everyday,1,i feel you man. i also am really suffering for the last couple of years. my father is making my life hell. it just makes mes so sad that he has no regards for my emotional well being.,17iecm6,https://www.reddit.com/r/SuicideWatch/comments/17iecm6/a_loser_like_me_should_just_die/,-0.9965691566467285,-0.9987296462059021,-0.002160489559173584,neutral
u/chanyounotu,33,Can someone please talk with me? I‚Äôm just in an extremely bad place right now and would really need some support. I have no one to talk to and i‚Äôm considering ending my life soon.,u/chanyounotu,1,yea,18m80aa,https://www.reddit.com/r/SuicideWatch/comments/18m80aa/can_someone_please_talk_with_me/,-0.9996695518493652,0.7720586061477661,1.7717281579971313,significant positive
u/chaos9966,1,"I give up I can't do it anymore. I've been doing this for 16 years and I just can't do it anymore. I am 24 and I have never enjoyed life. Nothing has ever brought me any joy. Only a few things have ever made me truly sad. I feel nothing most days. I don't mean the common despair or the apathy of living. I truly mean nothing. No motivation, no caring, no love, no joy, no sadness, no fun, no laughter, no enthusiasm, no entertainment, nothing. Just a never ending hollowness within myself. I am empty. I was never a person. I learned how to pretend by watching the people around me and learned to put on a mask.
Speak in higher tones because it makes people more at ease around you. Smile because it make you appear more pleasant to be around. Act goofy and people will think you're fun and enjoy themselves in your presence. Be funny because hey if you can't feel joy might as well make others feel what you can't. Study every behavior that every person displays. Learn every bit of psychology you can so you can pretend better. Always where the mask so you look just like them. I'm sick of it. I'm sick of this hollowness within me. I'm sick of always pretending for everyone else. I'm sick of the emptiness in everything I do. I'm sick of every little thing taking 200x the effort of everyone else. I'm sick of getting out of bed. I hate everything. I'm tired. I just want to sleep now. I'm so tired. My soul is dead. I will never be like you. It kills me. All I want so desperately is to be like the rest of you. I just want to feel something. I wish this void would go away. Nothing fills it. I wish I would die. I've tried 10 times. It never mattered I always woke up the next day and no one ever knew. Even the bleach wouldn't end it. I'm trapped in hell and I just want to be free.

Im tired. I give up. I only live because my friends and sister asked me to. So I have to wait to die of an accident or illness. I can't kill myself it never works. I have nothing else. I am hollow.

Im to tired. I give up. Goodnight.",u/chaos9966,1,You‚Äôre very kind thank you,15kao9r,https://www.reddit.com/r/SuicideWatch/comments/15kao9r/i_give_up/,-0.9989562034606934,0.9998447895050049,1.9988009929656982,significant positive
u/chaoticbluebirds,3,"Gonna attempt soon I‚Äôm done, sick of everything, I don‚Äôt wanna do this anymore. I want to send messages to people - friends, my therapist/psychiatrist, etc thanking them for everything but don‚Äôt want them to worry. Thankfully it‚Äôs easy to get a gun in the States. I‚Äôm not depressed, everything just sucks and I see no way out. Hopefully this goes through properly, I‚Äôm out.",u/chaoticbluebirds,3,Potato,14d66uc,https://www.reddit.com/r/SuicideWatch/comments/14d66uc/gonna_attempt_soon/,-0.9535374045372009,-0.999351441860199,-0.04581403732299805,neutral
u/charleychalk17,13,"I need help I‚Äôm really not sure what to do, I‚Äôve been struggling with suicidal thoughts for a really long time now. About 4 years. It‚Äôs progressively getting worse as time goes on. There are a lot of reasons for the way I feel that I don‚Äôt wish to mention. I‚Äôm just crying out for someone to talk to who understands my situation. 

I‚Äôve already written my note and sold all my most valuable possessions as a way to push myself further to finally leave. 
But I don‚Äôt want to die, I just want to stop the sadness and empty feelings inside me. I just cant find any other solution. 

I‚Äôve tried therapy and it‚Äôs failed every time. I‚Äôm truly at an ending point. I‚Äôm in total despair and it‚Äôs the only thing I can think of. Someone please help me, I would really appreciate someone to listen to",u/charleychalk17,3,Honestly I just have too much going on in my head and my ways of dealing with it are starting to become ineffective. The only way out I really have now is suicide and it‚Äôs all I think about. I really wish someone or something could change how I feel every day but I know that won‚Äôt happen. I‚Äôm sorry to offload onto you I just need someone to talk to,10zvf95,https://www.reddit.com/r/SuicideWatch/comments/10zvf95/i_need_help/,-0.9972261786460876,-0.9997552037239075,-0.0025290250778198242,neutral
u/charlieokosong,11,"Every time my husband accuses me of trying to take advantage of him, not loving him, and being as evil as his mother I just want to kill myself. I‚Äôm tired of being accused and if being dead proves that I care then so be it. He has a lot of trauma and does not know how to communicate healthily. He doesn‚Äôt acknowledge how much hurt that causes me. How much I have to put up with his unhealthy coping mechanisms.

I‚Äôm just tired of it and would like to jump out of my window. Sometimes I just keep thinking that if I died right now then he‚Äôll understand I‚Äôm not the monster he makes me sound like",u/charlieokosong,3,"I know this marriage isn‚Äôt good for my mental health. When he‚Äôs in a good mood things are great, and as much as I know his shitty actions are a result of trauma I don‚Äôt have the energy to keep dealing with it and having all the blame pinned on me | He‚Äôs supposed to but he hasn‚Äôt for ages. I don‚Äôt know why. He keeps putting off actually going a therapist and it sucks. We‚Äôve been in couples counselling but haven‚Äôt been able to go recently because of work. | At this point I‚Äôve had to pull him from the window twice. It‚Äôs traumatic | Thank you I needed to hear this. I just feel so. So. So. Tired. I know I wasn‚Äôt the best myself, before I finished trauma therapy I had a lot to deal with.",18jqirv,https://www.reddit.com/r/SuicideWatch/comments/18jqirv/every_time_my_husband_accuses_me_of_trying_to/,-0.9993259906768799,-0.9970219731330872,0.0023040175437927246,neutral
u/charminultrasoftboi,1,"It‚Äôs starting to get bad again and idk how to save myself. Delete if not allowed; i know there‚Äôs no activism on this sub and i‚Äôm not trying to advocate for anything particularly. There‚Äôs just a lot of things going on politically rn and i feel like it‚Äôs making me extremely suicidal. 

Theres a lot of things going on politically that effect myself and my friends and i feel like it‚Äôs going to continue to get worse. It‚Äôs getting harder to just smile through it and pretend i‚Äôm ok. I‚Äôm struggling to not self harm. 

I feel like I can‚Äôt tell anyone about how i feel and get support from loved ones. I can‚Äôt tell my therapist unless I wanna go on a grippy sock vacation (which i very much don‚Äôt.) My fwb/ex (long story don‚Äôt ask) has a lot on his mind and is stressed out all the time so i feel like i can‚Äôt talk to him about it because I don‚Äôt want to add more on his plate. I feel like it wouldn‚Äôt help much anyway. I don‚Äôt want to talk to my friends for similar reasons (one is also in a different country now and many hours ahead of me- we don‚Äôt get to talk much anymore.) I‚Äôm not as close with my friends anymore and feel like i want to isolate. My parents don‚Äôt really understand. Idk. I just feel like i‚Äôm getting close to the end of the line and i don‚Äôt know what to do.",u/charminultrasoftboi,1,"Yeah. I wish i could, but yeah a lot easier said than done. I used to really like making art. I‚Äôve been trying to find joy in doing it again but it‚Äôs hard. I feel like i‚Äôve lost interest in a lot of things that used to make me happy. | Not really, i did a doodle for the first time in months the other night. I‚Äôll see if i can figure out a way to link it | https://www.flickr.com/photos/197844401@N04/52728825269/in/dateposted-public/ | Idk it‚Äôs fine ig, it‚Äôs just a doodle. I felt fine about it when i did it the other day but idk. Drawing isn‚Äôt enough ig lol. | I used to use it as a coping mechanism in middle and high school, and it helped sometimes. I miss painting so i want to paint something again soon, i just don‚Äôt have the energy to rn. It‚Äôs getting later and i have work in the morning. I don‚Äôt really know what i‚Äôd paint though. | I‚Äôll let you know if i do. Hopefully i‚Äôll have the energy to. | A bit better. Still not 100% but better than last night. That was really thoughtful for you to check in, I appreciate it. | I don‚Äôt think your other comment came through but i‚Äôm ok today i think. I did paint last night and it was actually really nice. I was going to continue today but i‚Äôve been in bed all day. Maybe later this evening i‚Äôll get back to it. | I‚Äôm really tempted too, but I don‚Äôt really have many sick hours left and i‚Äôve already called in without getting someone to cover a few times this year so i‚Äôm worried about getting penalized for it. Thank you for your suggestion though ‚ù§Ô∏è | For sure, i was on my break at the time and had a couple hours left. I have a little under an hour and a half left so i can get through the last bit now at least | Yeah, about an hour and a half ago. Idk, maybe a little but not much. Im staying overnight with someone so I can‚Äôt sh so thats cool ig. | Thank you. I got some takeout earlier and now we‚Äôre just laying in bed watching tv. Winding down for the night. Hopefully tomorrow is a better day.",11jj09n,https://www.reddit.com/r/SuicideWatch/comments/11jj09n/its_starting_to_get_bad_again_and_idk_how_to_save/,-0.998813271522522,-0.9923567771911621,0.006456494331359863,neutral
u/chase_fazbear,2,"Im either going to kill myself or become a slut I know im only 15 but i cant take this shit anymore. Im used by everyone. I'm either a therapist or a sex doll. I try to make friends and they use me for abit, get bored and leave. I seriously cant deal with it all anymore. I want to end my life so badly. My ""best friend"" dosent even want to be around me anymore because apparently its ""uncomfortable"", even though he just got pissed at my ex for feeling uncomfortable to be seen with me. Maybe i should just be a sex slave at this point, thats all people want. I hate sex, its so uncomfortable for me, same with masturbation and nudes. But its all people want for me and i cant stop selling myself. I just want someone to love me. Would anyone even notice if i disappeared? If i stopped messaging would people notice or even care? Would people notice my scars if i where to cut? I always say hi to my ""friends"" at the bus stop, but they mumble ""hey."" Back. I didnt say it this morning and they didnt care.",u/chase_fazbear,2,"No, my family doesn't care about me. They just pretend to look good",17b6u8g,https://www.reddit.com/r/SuicideWatch/comments/17b6u8g/im_either_going_to_kill_myself_or_become_a_slut/,-0.9993143081665039,-0.9996009469032288,-0.0002866387367248535,neutral
u/cheesymeowgirl,19,"I wish I didn‚Äôt have to think of my son so that I could commit suicide in peace. I just want to end it all. Be free of the pain and depression and anxiety that consumes me every day. I play with him, make him laugh, cuddle him and do the best I can for him as his Mum. I‚Äôm like a Zombie moving around doing basic motherly duties whilst dying inside. He‚Äôs 3 years old. He knows no differently. 

Everyone says he will be affected or he needs me. He‚Äôs 3. He has a great step dad who can afford nice things for him, and a nice step mum who‚Äôs been there for him practically since he was 3 months old. He will forget me. He will be able to move on. It won‚Äôt be traumatic because he won‚Äôt remember. 

As selfish as it sounds the pain and loneliness I feel day to day isn‚Äôt worth staying alive for him. I have no friends, no relationship and have to share my son every week practically 50/50 with his perfect family in his own room and his perfect step mum that I can‚Äôt stop worrying he will like more than me. I google ways to kill myself every day. I just don‚Äôt have the confidence. Every time he‚Äôs with me I am prevented from showing emotion and want to stay alive for him, he‚Äôs the only thing keeping me alive. 

But when he goes to his dad and step mums and I‚Äôm alone again, the depression, loneliness and sadness eats me up and I‚Äôm back at square one. I just wish I wasn‚Äôt such a loser about it and can finally just do it.",u/cheesymeowgirl,2,"Can‚Äôt make my bond stronger if I‚Äôm constantly depressed. | But isn‚Äôt the way to cure the depression killing your self when you mentally can‚Äôt go on? | Can‚Äôt afford it. Already had 5 therapists, two were free but then after you have to pay. Don‚Äôt want to go back on antidepressants because I‚Äôll feel like a failure. | I live in the UK in London. Thanks. I won‚Äôt actually do it. I just dream about it every day. My son keeps me going. So there‚Äôs that I guess‚Ä¶",142i2dr,https://www.reddit.com/r/SuicideWatch/comments/142i2dr/i_wish_i_didnt_have_to_think_of_my_son_so_that_i/,0.989302933216095,0.9701026678085327,-0.019200265407562256,neutral
u/cheesynaan19,3,"how to know when thoughts are too frequent? Suicide runs through my mind fairly frequently. I'm not always sad, but yet I still find my mind wandering off into wanting to be dead.

I ask my friends from time to time if they also have thoughts and they say yes...but how do I know if mine are too much. Sometimes mine just feel so real and painful, and it scares me how frequently they can come at times. It further hurts me to even be considering suicide, which just makes me hate myself even more which only makes it worse and makes me more sad.

Idk why I feel this way most times, I feel like I don't have the right to feel this way, I have such a good life yet I feel so lost and alone",u/cheesynaan19,2,"Thank you for this perspective...i do have my coping mechanisms...when I'm out with my friends it usually helps.

But there are times when I don't feel fully seen or understood by them, and then that can trigger more thoughts.

I also have things that I use to ground myself, for example, I have one brother with special needs who I will absolutely be heartbroken if I die before him and there isn't someone to take care of him until the end. This really helps me muster up some will, but sometimes the urge  just feels so strong, that it scares me",117s1td,https://www.reddit.com/r/SuicideWatch/comments/117s1td/how_to_know_when_thoughts_are_too_frequent/,-0.9944055080413818,0.9801188707351685,1.9745243787765503,significant positive
u/chelskijams,3,I don‚Äôt really know how to deal with these thoughts I‚Äôve never felt like this until the last few days. There‚Äôs a lot going wrong in my life right now and I‚Äôm struggling to see a way out of it. I feel so alone and it‚Äôs making it worse. How do I get out of this?,u/chelskijams,1,Please help,189nyd3,https://www.reddit.com/r/SuicideWatch/comments/189nyd3/i_dont_really_know_how_to_deal_with_these_thoughts/,-0.9991044402122498,0.9984946250915527,1.9975990653038025,significant positive
u/chemist75,2,i don't think i will make it i really don't think i have much time left. i don't know if i'm even gonna make it before my next birthday. ,u/chemist75,1,i'm starting to eat less and less. i don't have much energy left anymore. my mind doesn't shut up and my stomach hurts because of how much i'm hurting inside. there is literally no way out because the only thing that would make me happy doesn't exist. i don't think i'll be able to keep up at school so i think i will go before school starts again. it's just too much you know. i'm barely alive.,14i4n2y,https://www.reddit.com/r/SuicideWatch/comments/14i4n2y/i_dont_think_i_will_make_it/,-0.9992455244064331,-0.9993070363998413,-6.151199340820312e-05,neutral
u/chenieeee,13,"In the hospital 2 months ago I lost my boyfriend to suicide. This morning I had an overdose. And have been in a coma for 6 hours. I was first shocked but then happy to wake up. 

Now I regret doing it. I had a black out when I did it. But now I know I do want to live. How do I know If I this is serious or coming back?",u/chenieeee,1,"I would love some advice! I‚Äôve lost 4 friends to suicide in 1,5 year. With the loss of my boyfriend i went numb. I know that‚Äôs a bad sighn so i am seeking help | It‚Äôs weird cause even when I woke up, I felt like it isn‚Äôt that bad. That I don‚Äôt need the help. I am going to therapy, but haven‚Äôt showed up for 3 weeks. Going again soon. Also had a lot of nurses and doctors to talk to today and they convinced me that getting help will be the best thing for me. 

Reddit helpt me A LOT. So thankful for the support groups. 

The numb feeling is mixed. Cause it‚Äôs like, why aren‚Äôt you crying. This person meant a lot to you right? But also understand that my body is kinda protecting me from the pain.

Sorry for writing this much. I‚Äôm bored out of my mind ü•≤ | Thank you ü§ó",10uszzy,https://www.reddit.com/r/SuicideWatch/comments/10uszzy/in_the_hospital/,0.9807100296020508,0.9783148765563965,-0.002395153045654297,neutral
u/cherrie_pie_heart,1,"Kinda sad, or frightening that the only person who's stopping me is my 2 years old daughter I am in a terrible relationship, where I am everything but understood. A robotnurse, robotchef, robotsexdoll, robothauskeeper...
I am sitting with tears in my eyes on a highway bridge watching the cars rushing by and thinking how bad it would hurt if they just hit me with that speed when I jump off.

Then I see my kid waking up next day and asking where is mommy and she just can not understand, that I am in the hospital or gone.
I wish I could be stronger.",u/cherrie_pie_heart,1,"How would you leave with a little kid with no job?
I moved to another country because of my boyfriend. I have no one here and with nothing I am not even allowed to take her with myself.

She would have a better life with her dad. If I lose her I would jump on the next day for sure. | The hardest is that I tried to save the relationship so many times. I tried to explain myself more and more but my words are just getting reflected and I feel lonelier than ever.

He is not that good dad, I do 80%of the job at home including my daughter's stuff. 
My home country is so bad, that she could have better opportunities here. Better than I ever could provide in my home country.",103clir,https://www.reddit.com/r/SuicideWatch/comments/103clir/kinda_sad_or_frightening_that_the_only_person/,-0.9991769194602966,-0.9982436895370483,0.000933229923248291,neutral
u/cherry-blossom04,19,"I‚Äôm not suicidal enough for help I literally feel like a waste of space even posting this but I have no friends and my therapist won‚Äôt email me back. I want to die but I don‚Äôt have an immediate to kill myself so I don‚Äôt feel worthy of help. I know how I‚Äôd do it, but I won‚Äôt. I wish I would. I feel like a waste of resources. I don‚Äôt want to call or text any suicide hotlines because I‚Äôve heard stories about people being told they aren‚Äôt suicidal enough, and the two times I‚Äôve ever called one time the woman hung up after ten seconds and another nobody ever picked up. I‚Äôm at a loss. I don‚Äôt have parents to talk to, they want nothing to do with me. I honestly can‚Äôt wait for the day I stop being hesitant and actually do it. I don‚Äôt know what the point of this post is I‚Äôm just sick and tired of being alive and I wish something or someone would just do the job got me.",u/cherry-blossom04,2,"I want to apologise for posting this, I already feel guilty for it but it feels like I have nowhere else to go at this point | Thank you so much :‚Äô) | then there‚Äôs no reason for me to go‚Ä¶ | fuck yoy i ve never been in so much pain in my l ifrnime d help NOW IMglingti. fuckingkill myself  i cant wait im in beyond crisis thanks for letting me know this is my only option fuck you don‚Äôt tell me to be patient when i‚Äôm having a ducking emergency that‚Äôs not fair | how fuckinh dare you tell someone with an active suicide plan to be patient i cant be patient im going dir | this is more than just ‚Äúgetting what i want.‚Äù i‚Äôm having a severe fucking crisis.thanks for letting me my best option is suicide. | please | i did. they told me to go to the er :( | i ended up going. it was fine until i was told i would have to take out all my piercings. so i went home. gonna try to hold on until tomorrow. but i need help so bad. i cant do another night of torture | my mom promised me they‚Äôd let me keep my piercings in‚Ä¶ being seen in that ER was the only sense of calm i had in days and it just came crashing down as i left vocally crying. if i cant get help i‚Äôm out of options. i only have one option left. | not in 9 years but i‚Äôm assuming you have to take your piercings out there, too. i didn‚Äôt have piercings then",10hbcdg,https://www.reddit.com/r/SuicideWatch/comments/10hbcdg/im_not_suicidal_enough_for_help/,-0.9995328187942505,-0.9988154172897339,0.0007174015045166016,neutral
u/cherrybloom42,1,"I still feel unhappy I always thought I would feel better once my life improved but I'm starting to get suicidal thoughts again. 

I (F18) recently moved away to start college and have been dating my incredible boyfriend (M18) for two months. I am definitely in a better place in my life than I was previously. My home life was somewhat tumultuous and I had experienced sexual abuse from a family member. Since I have left, I do feel a weight off my chest and more at ease. I also have a loving boyfriend who always listens to me and supports me through everything. 

When I first started dating him, my negative thoughts went away and I felt excited to live. Even though his demeanor hasn't changed and I still love him, I feel very unhappy and my negative thoughts have come back. I don't want to kill myself, but if I feel like this when everything I wanted happened for me, I just don't think I'll get any better. ",u/cherrybloom42,1,"thank you <3 i'm willing to hold on until i feel happy again, even if it's fleeting",15trd1y,https://www.reddit.com/r/SuicideWatch/comments/15trd1y/i_still_feel_unhappy/,0.9962598085403442,0.9996609687805176,0.00340116024017334,neutral
u/cherrycope,1,"Ruined To keep things short, abuse from my last partner has ruined my life.  I‚Äôm safe and away from them but so much has been destroyed. I‚Äôve given them all of my money, I‚Äôve been socially isolated from my friends and family so I only really have my parents in my life, I feel extremely anxious all the time, I‚Äôm hurt from the things I‚Äôve gone through, and overall I‚Äôm just so exhausted.  Them being out of my life was a good start but it feels like so much is ruined. I don‚Äôt have much keeping me here. I‚Äôm at a point where I would like to put an end to everything",u/cherrycope,2,thank you I appreciate your kind words,18ltdia,https://www.reddit.com/r/SuicideWatch/comments/18ltdia/ruined/,-0.9996850490570068,0.9998216032981873,1.999506652355194,significant positive
u/cherrymerrywriter,1,"My porn feels like constant, public rape I used to think I wasn't like the other girls who did porn. I wasn't the stereotype: sexually abused, broken, etc. Fast forward a couple of years at a female sex addicts anonymous meeting, and my mentor is challenging me, asking why I can't have emotional connections with men, why sex always feels like I have to strangle my own humanity. Well... this is all I know. Isn‚Äôt this what sex is supposed to feel like? They ask me to write my sexual history starting at the beginning. I've never done this before.",u/cherrymerrywriter,1,"I really appreciate you saying that. I am actually a creative writing major in college <3 My intent is to write work that illuminates the perspectives of women like me. I did have a close friend once tell me that I should write a memoir. It's scared me for a while because of the vulnerability it would require. However, I have wondered if people would take a fiction story seriously enough",16wxyrq,https://www.reddit.com/r/SuicideWatch/comments/16wxyrq/my_porn_feels_like_constant_public_rape/,-0.9832494258880615,-0.5761514902114868,0.4070979356765747,slight positive
