submitter_username,score_submission,content_submission,submissions_categ_llama,submissions_categ_gemma,submissions_categ_qwen
u/CriticismImaginary89,3,"How long will it take to die from 18 grams of Wellbutrin? I'm done Just got released from the psych ward a few days back. At this point I don't even feel like anything is worth looking forward to. I don't even have the energy to plan my life out or bother getting my hopes up any more. My mom's half of the family is bogus, won't even hold her accountable for not raising her kid and leaving me out here bogus with no help. Tired of wrecked relationships that happened from me not realizing I had Bipolar II this whole time. My doc prescribed a higher dose of Wellbutrin to 300 mg so I technically have enough for a fatal amount. I just wanna wait out this month to get another bottle so I can be sure it gets done right. I'm hoping to be so out of it I don't even feel anything as I go out.",1,1,1
u/Single_Boat7170,4,"I‚Äôm so tired of being here I‚Äôm so tired of being here. I‚Äôm tired of thinking I‚Äôm better when I‚Äôm not. No matter how hard I try my life doesn‚Äôt seem to get better, but mostly sucks because my mindset swings like a fucking seesaw. I know I‚Äôm not alone, but this shit is getting harder by the day. Nothing I do is ever good enough for everyone. I‚Äôm tired of suffering from mental health issues, gender dysphoria, a loathing self hatred I can‚Äôt seem to shake. I just want to be a healthy, happy person, but it almost seems like no matter what I do, I‚Äôll never get better, so what‚Äôs the use of going on anymore?
I don‚Äôt know. I really don‚Äôt. All I know is that all I do is sit in bed all day and play a game on my phone, hoping my life will get better with the little I‚Äôm able to do for myself, but my energy is gone, my hope is gone. Not hope in anyone else, but in myself getting better.
I should just shut my mouth and be dead at this point. Always speaking too soon, never able to come back. My whole life, I‚Äôve been abused, raped, groomed, and it‚Äôs gotten to the point where I just feel like I deserve it, even if I know I don‚Äôt, I just can‚Äôt shake the feeling.
Everyone is turning their backs on me, friends, family, I have no one. I‚Äôm alone in real life. And sure, temporarily talking to someone not irl helps, but I need a real, physical person who can hug me and hold me and tell me they care and don‚Äôt want me dead, don‚Äôt want me to leave this fucking shithole that we call Earth.
Even my faith in religion is gone, I don‚Äôt know what to believe in anymore. Not that religion was ever much of a comfort, but at least I didn‚Äôt have to worry and stress about a terrible afterlife.
I can‚Äôt take it anymore, I can‚Äôt breath, it‚Äôs like someone is choking me.",1,1,1
u/thetenthsublevelof,6,"i attempted suicide 4 years ago and i thought i was getting better. this time it feels much more hopeless. i have no friends at all to talk to. when i attempted suicide last, i really didn‚Äôt want to die. it was really hard for me to do it and i ended up confessing that i tried it to my mother and she took me to the hospital and i recovered. 

i‚Äôm much more scared of myself now because i can‚Äôt find a reason not to do it. i was getting better (i think?) and i was starting to feel more happy about things but i‚Äôve since started to get worse and worse i can no longer find a reason why i shouldn‚Äôt kill myself. i think if i try it this time it will work and i will follow through fully. 

i‚Äôm not sure what to do. maybe if i give it some time i will change my mind but everything is so overwhelming right now i don‚Äôt want to even think about continuing on. i have no friends so i have nobody to talk to about this. i just wish i had friends. it‚Äôs so hard to do everything alone.",1,1,1
u/DM-me-nice-things,1,"Tired of all the lies and how it feels like there's no way out I'm spiralling. Desperate to die but scared of failure yet again and the fact that I just hide said failures now. Reaching out does nothing. I actually had someone at the suicide hotline ask me why I was even trying to get help if I feel this way. They're right! But I'm so desperate to be free it fucking hurts and has induced psychosis that makes me believe I deserve to speak up. Like I'm drowning & trying to scream. The battle between knowing that humans are inclined to speak up vs knowing I am worthless and don't deserve to articulate language is wild yall.

The lie that we all matter, have worth and deserve to live is killing me (lulz). Case in point, me.

The fact I'm even breathing oxygen disgusts me, I deserve absolutely nothing, except to be beaten, used and hurt in every way available to humankind. The only thing I'm good for is my designed purpose which is as a fuckhole. I would thrive chained in someone's basement because I know my place. I know I am beneath everything in this world, that even an insect is worth more, more intelligent and superior to me. I am a human pig. I shouldn't even know how to speak a language. Words are above me. Almost all pigs are eventually slaughtered which shows me the path I must take. 

I need to be removed as brutally and painfully as possible. It's time. ",3,1,1
u/HaribotesTeeth,7,"Considering killing myself over my grades (15F)

I have great teachers who are always willing to put in an extra mile for me. I have an incredibly kind mother who does everything she can for me. I have great friends who always make my day better. Obviously my life isn‚Äôt perfect and I have other reasons for feeling suicidal, but generally my life is fine.

But school is putting so much pressure on me.

My mother and I were just told there‚Äôs a big chance I‚Äôm failing the year. I just don‚Äôt know what to do. Every time I try to study and be actually productive I get distracted, or lose my motivation and energy, get tired, etc etc etc. I just don‚Äôt know anymore and I feel so useless.

I‚Äôm miserable and now I‚Äôm crying at school like a toddler. Someone please offer me some guidance or some words of comfort or whatever.",1,1,1
u/tyler174626,1,"Please read this if you have the time. I don't understand most things that happen in this world. I don't know what's going to happen to me. So I'm just going to write down what I do understand and what I do know.

I was eating in a restaurant with my family. I looked around at the walls, which were beautifully painted, and I just took a few moments to feel an emotion I can't describe. Everything around me will one day be nothing. All the walls around me will be broken down, every table, every chair, every door, everything. One day there won't even be a trace of my family and I. Maybe a trace of human life, but personal experiences will be lost to time. Every experience had in this place will be forgotten within one century. The table next to us had a birthday party going on. Within a century, nobody will remember that birthday. Nobody will remember that those servers and family members ever celebrated that birthday, unless explicitly recorded and kept. Seeing as that's most likely not happening, who will remember any human experience happening as I write this, and as you read this?

But I'm not saying that we should feel bad or nihilistic towards human experiences. I'm saying the opposite. Seeing as nobody will remember anything we do in a century, I'd like to cherish every moment I have. Even if I end up dead by my own hand one day, I find comfort in the prospect that I lived every moment. Maybe I'm alone in that.

I spend my life looking through a glass and wonder what's blocking me from experiencing everything fully. I'm too blind to see that it's my own reflection that blocks me from seeing life. In other words, I have come to realize that the only reason I have not been living life to its fullest is because of me. Trauma aside, and depression aside, I had been pushing away friends and family. And coming to this realization has really terrified me. If I lose this moment we are living in, will I ever feel this way again? 

It's almost 2:30 AM. I don't want to lose this feeling. I don't want to go to sleep. What if I never feel this way again? And I'm just telling this to random strangers, but that feels comforting to me. Nobody here knows me, they wouldn't ever notice if I vanished one day. But if they did know, they would care. And that's one thing that I don't understand about the world. Here are some more things I don't understand.

I don't understand how people can be so kind. I was raised by a father who cheated on my mother with his doctor. Now that doctor is my step mother. I will never consider my step mother family. I consider her evil, and she is. She threatened to kill all of us multiple times, yet my father just brushed it off and forgave her. But this isn't a trauma dump. What I'm getting at here is that I was raised into a mental state where I don't understand kindness. Sometimes I think there's another motive other than just kindness, sometimes I just don't believe it. But lately I've been getting better. I've been learning more about  how to better recognize when it's just kindness from people. It's difficult. My friends have been so extraordinarily kind to me, I love them all. I am so thankful for them. I just don't understand how they can be so kind when I'm really not that important.

I don't understand why people treat me like I'm special. Specifically my family. My parents have always treated me like I'm special, and that made me grow up very egotistical. I only stopped those egotistical behaviors about two years ago (I'm 14M for context). I just feel like I've been treated too well considering that I'm not that important at all. Since I started playing piano about six years ago I was always told that I had a special talent for it. I don't believe them. I just practiced a lot. I'm currently working on the piece Hungarian Rhapsody no. 2 by Liszt in case you're wondering. I don't have anything special about me. So why am I treated like I'm the next coming of Jesus?

I don't understand how so many bad things can happen to our family. Its like a constant stream of terrible things. My dad kicked my mom and us small children out of the house so he could be with his girlfriend, the same one that he cheated on my mom with. We were homeless for a few weeks. We eventually got a one story house with no basement, yet we can barely afford to pay rent and eat. My mom got a terrible job working in Healthcare. We were just in limbo for years. Then my mom finally got a better paying job, and you wanna know what happens immediately after? Rent raised 175 dollars. Now we're stuck in limbo. My sister got approved for a house. She had even transferred job locations, and ended her apartment lease(?). She was approved for the house, and then suddenly the sellers finances just fell through for some reason. That late in the proceedings. Now I'm waiting for the next terrible thing to happen to us. It's always been one after another, and there were many that I didn't even mention because that would extend this post even further.

I could go on and on. I don't understand many things in life. Maybe I'll continue tomorrow. It's 3 AM on the dot as of writing this sentence. And in a century, nobody will remember this. I'm going to be forgotten, which is slightly comforting to me. Nobody has to look at my life. I may be remembered for a few decades, if I ever have any grandchildren somehow, but one day everything about me will be forgotten. I just imagine that in 1,000 years, an outsider will look in at human society. Even if they study us for decades, they'll never truly know the human experience. And slowly, all the humanity will be drained out of humans once we are long extinct. I don't want to lose this feeling. If you read this whole thing, thank you. Maybe you can remember the experiences I've had for me once I'm gone. But I probably won't be gone any time soon. 

Final time of this post -- 3:06 AM.

I don't want to lose this moment.",2,2,2
u/zen___09,9,"What really is the point when we truly never get better? I‚Äôm trapped in my own mind & don‚Äôt see any other way out. I promised myself at 9 years old I‚Äôd eventually take my own life. I‚Äôm so sick of being alive. 

I‚Äôve been extremely depressed and suicidal since I was around 9 years old, my first suicide attempt was near my 10th birthday. I‚Äôm now 21 years old and NOTHING has changed in fact I‚Äôm worse than I was to the point where I‚Äôm so desensitized to the idea of killing myself it‚Äôs all I talk and think about. I literally fantasise about my death and how much better life would be. I made a promise to myself as a child that I‚Äôd eventually take my own life it was just the matter of ‚Äúwhen‚Äù but I‚Äôm that much of a failure that I can‚Äôt even do it even though I‚Äôm at peace with my death. They say life gets better and so on, but does it really? Or is that just another way to force you to continue being miserable on this earth. I‚Äôve heard it all before, from psychiatrists to my own family but deep down I know it‚Äôs lies. Multiple psychologists, therapists, medications etc later and I‚Äôm still the same. I physically and mentally cannot continue like this anymore, I‚Äôm at the point that if someone was to grant me all my wishes I‚Äôd still chose to die. Im currently seeing a psychiatrist but I don‚Äôt have the heart to tell him that therapy is useless and what I really want is to die. No CBT, or any type of therapy is going to help me even if it did I‚Äôd still want to die. Dying is my only escape from my mind, id finally be at peace away from the horrible monster in my head, the same monster who torments me, calls me names, puts me down constantly. Idk anymore :/ 
There‚Äôs no cure for ocd and body dysmorphia so what‚Äôs the point? 

Sorry for the long rant",2,2,1
u/moo0736,1,"I took them. I just overdosed on panadol for the second time. J took more than last time. Did it like half an hour ago. Idk if I regret it, but at the same time I want it to work. Just overwhelmed I guess. I feel useless and each day has no significance nor do I have the energy or motivation to get up and live like a teenager. I‚Äôm at home every day as I dropped out of year 11 cause I attempted suicide early this year and was too depressed to keep going with school. Ever since then I just idk. I kinda hope it works but now thinking about it it may not. 

I already feel really sick in the tummy. Like I might throw up. I‚Äôm crying again cause I‚Äôve just remembered the amount of pain I wa sun also time and how awful and chemical the vomit tasted. Idk completely why I did it. I‚Äôm just tired and can‚Äôt be bothered a anymore. Stupidly I weighed myself too and had a panic attack because I‚Äôm like half a kg heavier than a few days ago and I tried not eating the whole day. I made cookie dough for my sister and had a small bowl of it which I just feel guilty about. Idk. I‚Äôm sorry this is a vent. But heah I took a heap. I just thought i should make a post? I‚Äôm not sure. I feel really sick. I don‚Äôt want to feel like this anymore.",1,1,1
u/Sufficient_Bus2013,3,I feel so alone I feel so alone and terrible. I feel like I wanna end my life. I feel distant from everything. I am ugly and dumb. I have no purpose in my life. I am just a burden to everyone. I am better off dead. I don't think anyone wants me to be alive.,1,1,1
u/PerkyClown2089,1,I just attempted suicide and I just won't die I just cut my wrist pretty bad and it bled so much.  I stood there for actual hours letting it bleed out and I'm somehow fine. I feel really tired and my heart is beating fast but that might just be because it's late and I'm nervous. Hopefully I die in my sleep or something. I'm scared my dad will see it tomorrow. I don't want help because I actually have no reason to live. I just want to vent my frustrations with how hard it is to die for some reason.,1,1,1
u/notsobadonetime,1,"I am fed up and over it. I have been going to therapy for a while, and to some extent it has helped, but I still feel pathetic, and I still truly believe if I were to be completely gone, I would have nothing to suffer from. I have attempted suicide twice and failed, and for a point in my life when I started to go to therapy, I thought there would be a turn of events, but I still feel the same for some reason.  
I think about it a lot, and I think about what others have said to me, that is, I am my own downfall, and the truth is, you are right. I have caused my life to be like this; no one forced me to make the decisions I have made, but sometimes it is hard to recover from those choices, and for me, I can't live with it.  
I am nothing special; all I am is replaceable. I see no point in living anymore. I used to want to get married, have kids, and one day be a housewife, but instead I am lonely, I have no one I can talk to, I don't feel comfortable talking to the people I know; and no one has any romantic interest in me, even though I have tried. Maybe I didn't try hard enough, but I gave up. I want to leave as quickly as possible.",2,1,1
u/omgnoreason,1,"Hello people I just want to write that I am going to die soon. I absolutely love my family and my wife but I cannot function well. I cannot fit into any cultures. I come from a horrible background that led me to believing violence is the answer whenever there is any conflict, big or small. I was in therapy for 7 years and I believe I'm untreatable. I have complex PTSD diagnosis. 

I've always wanted to go back to Florida but it had been met with resistance every single time. I am both a great father and a horrible father too. I cannot stop hurting people for some reason. So somehow I was able to convince my wife to go to Florida with the children while we wait for Section 8 to finalize things and give me the voucher. I secretly am going to kill myself while I am home alone. There are methods where you cannot undo it. A rope and a chair. No one can muscle their way out of a noose. This will be my method. No one will notice I'm dead for a while, it will be the neighbors that smells the rot and start wondering and eventually call the police. They will find a note that says ""Finally you noticed I need help....""

Take care guys. The flight for my family is on Thursday and I will be dead the day I mail their replacement social security cards when I receive it.

It's the only solution. They say suicide is a permanent solution to a temporary problem. My PTSD is permanent. My deafness is permanent. So it's a viable solution. üëç",2,1,1
u/Scary_Wrongdoer_9154,1,"Born just for others entertainment. Always just a prop in others lives. As school slowly creeps up I remember this. I never truely forget. 

I wish people would actually talk to me. Family included. I just want something physical that isn't a  negative. My step dad thinks it's funny when I'm in pain, finding any reason to punish me in such strange ways. My mom says he's just like that and the family agrees. 

I should get used to it. I dont like this. I talk to my friends about it but they dont seem to interested. I feel like I'm too clingy. they're the only people I have though, so I'll do anything so they dont leave me. Id even give them everything I have.

I just want some hugs, head pats, anything affectionat, i feel so lonely in my skin. But if I can't, then I want someone to put me down. Someone other then myself. So Im not lonely in my death. 

I wonder if I could hire people for that. If I scraped up enough money.",1,1,1
u/DommyFutaMommy_,6,"I need an honest opinion I started texting with a girl about two months ago, after about a month we started texting really flirty and she also sent me n*des, I said from the beginning that I don‚Äôt want a relationship and she was okay with it.
After telling her again tho she got really angry at me and started telling me how bad of a person I was. 
For context we never actually met or talked irl, I only saw her irl twice and we only walked past each other.
After our argument she started telling me that she will be killing herself because of me. 
I told her that she shouldn‚Äôt do it a thousand times, I talked to her best friend about it and he told me to cut off Al contact with her, I did just that now.
My question is if I did the right thing and if she overreacted or not.
I could sleep for nights because of my fear of her actually doing it.
And should I actually be worried?",1,1,1
u/ProposalScared8979,1,"Time is a loop and I'm trapped. I have to type this again because I accidentally refreshed the page. Sorry that this is so long and makes no sense.  
I've been stuck in this constant loop of changing my identity, leaving an impression that I'm doing so much better than before, throwing away that identity, and coming back to do the same thing over and over both online and irl.  
I was foolishly convincing myself after my last attempt that I'd never come back here, but nothing has fundamentally changed in my life, so I'm back. Not that it matters, but damn, I honestly thought that becoming an adult would eradicate most of my stress and problems. It didn't. I'm even more stressed now that I'm over 21 and I'm still stuck with my abusive family, and they're just now trying to figure out what to do with me now that I no longer benefit them.  
I thought after losing consciousness and waking up in vomit for the umpteenth time things would change. They saw me, but they didn't care. Just like before when I woke up soaked in blood and vomit, or the other time when I was passed out on the couch, or the other times.   
I told myself after waking up the last time to get help again. So, I got with another therapist whom I don't see much due to money and parents' reluctance to accept that I'll always be very mentally challenged (except when it's convenient for them to argue about which one made me ""r worded"", but my therapist is decent and I like them so far, but I know I'll just be persuaded again to ignore therapy, get on meds only to be forced off them again because they're not curing me and they make me ""fat"" and ""ugly"" and ""a zombie"", and repeat the cycle until one of us inevitably kicks the bucket.  
I can't hold down a job even when I want to because I can't function. I now know my parents don't have my best interest at heart at all thanks to therapy and some good friends I had, but my parents put these ideas in my head that all I need is them because I'm an idiot with horrible issues, but I'm also exaggerating those said issues because I'm a lazy, stupid piece of shit who doesn't love anyone or anything.   
I don't even know what I am, who I am, or what I want. I feel like a fucking puppet.  
I have a driver's license miraculously, but I'm not allowed to drive much even though my parents have age-related impairments that cause them to have difficulty with driving. Oh well. I honestly don't even like to drive anymore because every time I do, I get reprimanded for speeding or driving recklessly by them.  
I lost my cats (well, they were cats that were born at the house to a stray who used to come around frequently before she passed away) because my parents insisted they stay outside. I begged them to take them to the vet, get them fixed and treated for parasites, and keep them inside, but no, that would be too much work for them and the dog wouldn't stop bothering them. (Our dog loves cats. He knew those two since they were little. They were actually around the same age.)  
Now Mom and Dad want to adopt a rescued cat to throw outside so we can have that same issue as before. Also, it's probably obvious, but the family is abusive to the animals, too.  
Every day is the same trauma and pain. Trying to talk everyone out of doing stupid shit, being called stupid because my brain and body don't work, getting threatened by my belligerent cousin because I'm an idiot, telling my parents (not like they care enough because I'm an idiot), looking for work knowing damn well I won't be able to function normally on the job, studying for school, and going to bed at midnight only to be woken up by my awful physical pain (I have several issues with my GI tract and suffer from insanely painful head and neck pain).   
I don't want to fail another attempt, but I'm inevitably going to do it again. By understanding the pattern of my life, I know I'll most likely fail again and end up at the hospital or on the floor covered in bodily fluids once more. If I could be guaranteed a death that's quick, I'd do it. I just need to get out of here, but it feels as though the universe is telling me to kms, so that's my only solution, I think. Even if I do make it out of my parents' grip and my cousin dies of an OD or something of that nature, I still feel like it's only necessary that I try again (and hopefully succeed) because I'm too stupid, weak, bizarre, and physically ill to really survive on my own and my parents would try their hardest to drag me back into that hellhole if I slip up once.   
It also doesn't help that it feels like my schizophrenia has gotten worse, at least with the disorganized thinking and the crazy hallucinations I get. I also feel dumber because I can't get my thoughts together in a coherent way at all. I don't even think this makes sense.",2,2,1
u/Fabulous_Ad2131,5,"Might regret this I‚Äôve never made an actual post on Reddit before. Figured this would be my first one. Might be my last one, who knows.

I feel like I just need to‚Ä¶ talk. But I can‚Äôt do that to anyone in my life right now. My family‚Äôs gone through too much already, I‚Äôve put them through too much, to burden them further. They deserve to be happy, dammit. My best friend isn‚Äôt comfortable with emotions and I can‚Äôt knowingly make someone uncomfortable with my bullshit. The rest of my ‚Äòfriends‚Äô are really just my coworkers, all of which have their own lives and families, some of which probably want me away from them anyway. The only person who I would be able to talk to would be my mother‚Ä¶ but she‚Äôs been dead for six years now. I lost her when I was 15.

I‚Äôm spending her anniversary alone this year. Physically and mentally. And it‚Äôs getting extremely hard to stay.

I‚Äôm the reason my family was broken further apart following my mom‚Äôs death. I would argue I‚Äôm even the cause of my mom‚Äôs death. If I had just done things differently, been a better daughter, maybe she would have still been here. But maybes don‚Äôt exist. And I feel like I can‚Äôt even recognize the person that stares back at me when I look in a mirror. 

I‚Äôm becoming colder. More distant. Becoming a shell. As the days, months and years tick by, I feel like I‚Äôm increasingly losing sense of myself. I can‚Äôt express my emotions anymore, I can‚Äôt communicate how I feel. If I let something slip, I immediately feel shame and anxiety well up inside me. My family has managed to find happiness without me- in some aspects, it‚Äôs because I‚Äôm no longer physically around them. 

When I hear my younger coworkers talk about their lives, I end up thinking about all that I can‚Äôt do. Despite being their age, I can‚Äôt have the same aspirations, goals, or advantages they have. Because I ruined my own life. I live by myself with my dog with just enough income to support us both. But that‚Äôs it.

I went from being the bright, gifted kid with a promising future ahead of her to what I am now‚Ä¶ it‚Äôs a damn shame. And I have no one to blame but myself. 

I wish I could just die and be over with everything. But my dog still needs me. And my dad would be absolutely distraught. I can‚Äôt be with him due to his partner hating me, but he still loves me a lot and I can‚Äôt make him bury another loved one. And i know my death will just cause him more trouble than I‚Äôm worth. 

But, I‚Äôm so tired. Tired from fighting. Tired from pretending everything is okay, that I don‚Äôt need anyone. Tired of facing everything alone and not having anyone to lean on. Tired of hating myself and knowing no one deserves to have to be around me and that subjecting them to do that would just be plain cruel.

It should have been me that died all those years ago, not her. 

There‚Äôs so much more, but.. that‚Äôs all I can bring myself to say. 

If you‚Äôve read this far, thank you for taking the time to listen to someone as worthless as me.",1,1,1
u/IndependentShot,21,"Planning on ending myself if I still don't get a job I've been unemployed for almost 7 months now. I have been sending shitloads of resumes and until now, I'm still not receiving any feedback or calls on any of those jobs. Right now I'm trying to upskill by basically trying to learn things that interest me like language and other skills that I can apply in the real world but its just not enough especially with our living conditions. If I still don't get a job before September, I'm offing myself. I'd  rather die early than be a burden.",1,1,1
u/Unlucky_Bridge_886,1,"suicide would it be fatal if I overdosed on paracetamol and torasemide? will I be able to sleep or will it potentially keep me awake, please I need an answer. ",1,1,1
u/THR0W4W6Y,3,"i cant keep living like this. i think my eating disorder is making me go crazy all i think about is food. i fucking obsess over it and all i ever want to do is eat and eat and eat and eat. whenever i eat anything other than tuna or an apple i need to purge it and then i get suicidal and usually cut myself out of anger. i spent the last year losing 1/3 of my body weight and i‚Äôm only about 15kg away from my goal weight but i keep fucking up and binging and purging and i just want the thoughts to stop and the only way is to do drugs or just finally off myself 

i‚Äôm 19 and i have no friends and i‚Äôve never been in a relationship. i feel so fat and ugly that i only ever go outside for uni or work.  my family thinks i‚Äôm disgusting because i keep vomiting in the bathroom too loudly so i make them all uncomfortable. they‚Äôre so tired of my shit and i desperately wish i had the balls to slit my wrists and put myself out of my misery

all i want is to be a proper anorexic and just starve to death but i cant even do that right",1,1,1
u/Majestic_Garlic3577,4,"Makes no sense Hello, 

I‚Äôm (f28) new here. 

Throughout my entire adult life I‚Äôve struggled with  (and been diagnosed with) clinical depression and anxiety. I started taking antidepressants when I was 16 after an unexpected, unrelated medical diagnosis. 

I mean, I‚Äôve definitely had trauma in my life - who hasn‚Äôt? - that hasn‚Äôt been overly dealt with but I don‚Äôt think that that trauma should be bringing me to the brink of suicide. 

Anyway, this past weekend I went to the emergency room as I was at my breaking point ‚Ä¶ however, unless you have the gun, pill bottle, or knife in hand, the hospital in my region is useless. So, I was sent home even more upset for putting myself in a vulnerable and embarrassing situation to get absolutely no help. 

I‚Äôm just perpetually unsatisfied with life and I‚Äôm over it. On the other hand, I have so much to be thankful for 

- I have two healthy kids 
- I graduate from my dream program on Friday 
- I‚Äôve started to lose weight 
- I‚Äôm going to Europe in two weeks 

Yet, I‚Äôm just miserable all the time. 

I know I‚Äôm addicted to pot ‚Ä¶ which some people may find silly ‚Ä¶ but it helps numb my reality and pot makes me less irritable. 

My personal narrative is horrendous and I would never speak to others the way I speak to myself. I have no energy or desire to get out of bed in the morning. 

I feel like I‚Äôm watching myself sabotage my life and I can‚Äôt/don‚Äôt know what to do to stop it before I go off the handlebars 

I lie, I cheat on my partner (which yes, we have a toxic relationship but he genuinely loves me and would do anything for me), and I steal (mostly groceries cause I‚Äôm poor and everything is so expensive in Ontario). I just feel like this shit person all the time and my life isn‚Äôt going to get better. 

My kids used to be a protective factor, but I‚Äôm finding that it is slowly weakening. I feel like a shit mom as it is. I had my first son when I was 17, so I feel like I totally fucked that up and didn‚Äôt take advantage of that precious time.  

I don‚Äôt know where I‚Äôm going with this but maybe someone will hear my story and have some advice. 

*before all the hate comes, I know cheating is wrong and I‚Äôve tried breaking up with my partner multiple times but he‚Äôs committed to being with me. We‚Äôve been together 8 years and have a 1.5 year old together.  My (M32) partner is aware of all of the infidelity and chooses to stay. I know my brain is fucked and maybe my emotional neglect and lack of stability as a child contributes to this issue.",1,2,1
u/GarbageJoe1,1,"Violence is consuming my life I've been a violent person since I was 18 I got my way in prison out of the US where I could commit violence with more freedom and it fucked my life up.
I am fucked. I can't deal with the violence inside of me and I'm gonna end up killing myself if I don't start doing martial arts. Love to everyone, keep fighting for what you love üíï. Because I will, MMA is what will keep me from smashing my sinuses into my brain üò≠.",1,2,1
u/YN81836183,8,"How can I get out of my toxic household? 
I an 16 and i live with my parents. I will go to school till I‚Äôm 19 (school goes 13 years wher with live from the age of 6) and I have no money. 

I have no drivers license (I can only do it once I‚Äôm 17, and then drive on my own without my parents once I‚Äôm 18) and the drivers licens alone costs 5,-7,000$. 
I don‚Äôt have a job either because I can‚Äôt have one without my parents approval. 
My bank account is alone connected to my moms so whatever money I would have would be controlled by her. 


The things I have/had to endure are sexual/physical when I was younger, and now mostly verbally or humiliating. 

I won‚Äôt go into details but o can‚Äôt do this anymore. I doubt my decision of wanting to move/run away sometimes because my father is wealthy and I have a roof over my head with food in the fridge (things my parents didn‚Äôt have) and I‚Äôm so spoiled that I want to die because some things they did in the past or some things they say to me? 

It‚Äôs weka and pathetic, but I know that I will end myself if I don‚Äôt get out of here sooner or later so my soups don‚Äôt matter anymore. 

The question now is how? Help would be appreciated, thanks I‚Äôm advance",1,1,1
u/PomegranateSure1628,1,"There's no point in anything anymore The only person I (19F) love is on the brink of blocking me, he (22M) says I'm too problematic

I have no hope for the future and my own family has chosen a child that isn't even theirs over me.

I'm 20 in July and I don't have a job because nobody will hire me, the man I love's birthday is August 25th and I wanted to take him to see snow for the first time and I can barely afford a tank of petrol.

&amp;#x200B;

Honestly, I want nothing more than to be with the man I love and settle down with a family but I know that will literally never happen. He hates me. He told me that I keep ruining his good days and making his bad days worse... I don't know whats wrong with me

Why am I so broken.

I just want to drive my car into a tree and die instantly. But I'm too much of a coward to do that, every time I try to end it I chicken out... I'm pathetic",1,1,1
u/Kingblingmike,1,"It would just be too selfish of me I‚Äôve recently fallen into a deep depression kickstarted by telling my closest friend I had feelings for her and she didn‚Äôt reciprocate. I fucked that whole thing up and it lead to me not being allowed to contact her in any sort of way.  Our whole friend group knows what happened and i think about what they think of me everyday. Am I a loser? And I dumb for thinking anybody could have ever liked me romantically?  Backstory btw I‚Äôve been homeschooled my whole life and have never developed feelings for a girl ever until now.  I still care about her so much but the thought that she hasn‚Äôt thought about me once or how she could do so much better than me haunts me. 


Over time the depression from that subsided greatly but now I just flat out hate myself. I‚Äôve always kinda just burried these self hate thoughts deep deep down but I can‚Äôt live in this false sense of reality where I look who I am anymore. I hate the way I look, talk, interact with others, like just everything about me. I want to die just to rid myself of nights long of sadness and crying because I‚Äôm alone and nobody really likes me and they talk shit about me and I hate who I am and all my friends hate me. I‚Äôve never received any complements or any type of supportive reassurance from anybody in my 20 years of life so I must be right??? Right?????   I think my friend might care but they only give me help if I directly ask for it. Nobody ever reaches out to check if I‚Äôm okay I feel like such a burden if I go to talk to people about my feelings. My therapist is cool and all but it‚Äôs just not the same as talking with my peers. 


I just want to kill myself but I can‚Äôt. My mom and dad will have to live with their son being dead and my friends have to live with their friend being dead and putting that eternal guilt and grievance on people is just too selfish for me to do even though I‚Äôll have eternal happiness. I just wish some horrific accident or something would happen to me to where it‚Äôs not a suicide thing but a freak accident.  Like so the guilt from them is removed and there was nothing they could do about it. Fuck I wish I could just disappear without trace FUCK ME.",1,1,1
u/Beneficial-Stable526,2,Why bother? I tried to kill myself on july 7. My wife kicked me out after my 11 day hospital stay. My little girl begs for me to come back home. But this isn‚Äôt my home. My wife begs me to come back too. Says she made a mistake when she kicked me out. But all we do is fight. It‚Äôs not healthy for my little girl. It‚Äôs not healthy for us. I have nothing to live for anymore. My life should‚Äôve ended that day.,1,1,1
u/HazelTreeofKnowledge,1,"Spiral at its finest. I thought I was doing ok. I didn't have a job because of my BPD, but I thought I was making headway after 2 years of being jobless and unstable. I took steps to try to do things I wanted in my life. The type of life I wanted for myself. I figured I could sort of manifest it so to speak. If I took action to the things I cried about wanting but never did anything about, it would be another step in the foundation. Except I did that and now I'm staring at a sunny day contemplating if hanging myself is really such a bad way to go. Failed with cutting an arty, failed at ODing, I'm too afraid of heights to ever jump from one. I started a thing with someone and instantly I was hovering by the phone waiting for a response, wanting to do whatever I could to please them despite the fact that it was so far out of my realm of comfort that it spiraled me even more. I'm elated in the middle of it, but as soon as there is any kind of distance, I'm suddenly questioning everything...and so I feel guiltier because this is what I had strived for, but I dont trust them. I question every move they make because they might be laughing at me behind my back. They might be setting me up as some sort of joke because at the end of it, they're part can be wiped away easily, while my attempts to please them are noticable. And so I hate myself even more for falling for what everyone else would say is an obvious trap. I don't know why I'm trying anymore. I don't know what I'm doing. I just want to be done. Why keep crawling back up, when it seems everything is willing to shove you back down?",1,1,1
u/thriftedbones,1,"i can't go on anymore i can't stop thinking about dying i can't stop, ever since I was 5 it's just been constant guilt and sadness and longing to no longer be here, i tried to finally get the help i need and it failed. im in pain, i just wanna die",1,1,1
u/rosesl00ver,3,"please someone help me basically it's, I'm going to kill myself in december. I feel like I need to talk to a specific friend about this and I have NO IDEA how.

so yeah, how can I talk about this? I'm desperate to talk with him",1,1,1
u/Broad-Meat8697,1,"it‚Äôll have to happen eventually i‚Äôm at a very hard place right now. 

i‚Äôm very alone, and that‚Äôs by choice. i have amazing friends and family, but i genuinely do not deserve them. 

i think i was born defected. like a virus, i eat away at all that‚Äôs good. i have no purpose. i have not one clue why i was put on this earth. 

about two months ago, i started obsessing over my past. things i‚Äôve done, i regret so much. i‚Äôm not a good person. now, i have memories of me doing something so horrible, i deserve to die because of it. i‚Äôve never thought about this before until recently. it‚Äôs hard to explain but part of these memories don‚Äôt even feel real, it‚Äôs just an image in my brain of me doing something incredibly vile and horrible. i have no memory of things before this, or after this. i can‚Äôt remember much at all really except for this snapshot in my brain. but it still feels so real. and i hate myself so much. 

i cant live with myself anymore. i think i‚Äôm still in denial about that fact, but truth is i deserve to die. i couldn‚Äôt live with myself if what i fear i did is true. and i cant live with myself not knowing. i see no future for me, i honestly don‚Äôt deserve one. 

part of me wants to live. i‚Äôm scared of dying. i‚Äôm scared of leaving my family. i‚Äôm scared of leaving my friends. i‚Äôm scared of what will happen to me but that‚Äôs not even fair to say because i deserve the absolute worst. 

i‚Äôm just spending my days now waiting, i‚Äôm not sure what for. maybe just waiting till i‚Äôm ready to die, or till death catches up to me first. i cant live tho. i hate myself. i hate who i might be. i hate the pain i might have caused people. i need to die. i‚Äôve ruined everything not just for myself, but probably for others too. i feel like all i bring is disgust into the world. why was i born? why the fuck am i here when people who deserve so much better get dealt the absolute worst. if i could, i‚Äôd switch places with one of those people. people that deserve good in life. 

i‚Äôm just sitting in my room crying as i write this and i feel even more pathetic. i‚Äôm so tired of myself. of my brain. idk what to do anymore. i need to die but i can‚Äôt, but i have to.",2,1,1
u/Slow_Jelly_850,6,"Warning and Update! For context. I was given a hotline number to call by a bot. So the number I was given I found out is known for sending the police and EMTs to people's houses so I won't use it. I don't want to say what the number is because I don't think I should be spreading it around. The hotline itself even admitted to working with the police so fuck that I'm not going to call now. ""We work with 911, we are part of the same system"" Their words. Verbatim. I'm glad I didn't call. But forcing people to be locked up is traumatizing and bad. Evil practice. Be careful everyone. A lot of these hotlines just want to lock you up and force you to be alive. They don't actually want to help you. ""Help"" is code for ""we want to force you to stay alive"". It's all phsycological warfare. My life, my choice. You can't control me. From what I've seen we're just better off not calling. Online hotlines are fine I think, but texting and calling probably isn't safe because they geolacate that shit. I use vpns as well so I should be okay online. Be careful everyone.",3,2,3
u/Technical-Pipe459,7,fuck I‚Äôm lonely. it‚Äôs absoutely fucked how low I‚Äôve stooped recently it would be hilarious to an outsider. I‚Äôm so fucked and I‚Äôm so fucking lonely. I‚Äôd be better off fucking my life off right now than waking up tomorrow I mean how the fuck do I wake up tomorrow knowing it‚Äôs gonna be the same after that and then repeated indefinitely. It‚Äôs stupid and I‚Äôm sick of it.,1,1,1
u/Torjen90,5,"What am I even still here for . Nobody cares  I have no friends, my family ignores me. I'm just an addict, mentally retarded, unstable, ugly, so why am I even here. I think is finally my time to end my life. Nobody will care",1,1,1
u/ICantLeafYou,2,"I always kind of wanted to do it on October 20th... My best friend and other half died on October 20th, 2012.  Mercifully, it was a brain aneurysm in their sleep.  Just never woke up, no suffering.

Being a shell of a person after losing them isn't my only reason, though.  I have chronic pain, migraines, mental illness.  I'm on disability and will live in poverty for my whole life.  I barely get by every month, and it's been that way for over a decade.  A climate change--I can't survive in a world where already 4-6 months of the year are too hot for me.  The heat causes migraines almost daily during the Summer.  It's Hell.

I've made over a dozen attempts over the last 20 years.  They were all impulsive and uninformed.  But two years ago, I found a website with detailed methods.

I have an e-mail draft ready to send to a close friend.  My... I guess current, living best friend.  But that feels awful to say, I never know what to call them...  But the e-mail draft has a letter to share with my friends, contact number, my wishes to donate my possessions and unused food to those who need it.  If I click send, the e-mail is scheduled to go out in 48H, giving me time to cancel it if I fail or back out.

I have the tourniquet around my neck right now, has been for half an hour.  Just trying to work up the balls...",2,1,1
u/whayi,1,"Just bought a rope. Hi, (F22) here. I'm just tired, I've going to therapy for three years for depression and social anxiety and...well... I'm relapsing. I've started self harming again by punching myself and interrupting breath flow by pressuring the sides of my neck, I've always done that but last time was one of the worst episodes I've had. At the time, I just felt like a horrible broken person and wanted to punish myself somehow. I got such a thrilling high from it, maybe those who self harm can understand, I liked having the faux sense of being able to control the pain I was feeling. 

Two weeks forward and I'm still attending therapy everyday and the need to harm myself hasn't subdued and I'm also having suicidal thoughts and over-medicated myself the other day, I was scared I was going to hurt myself so I took a bunch of xanax and clonazepam to try to sleep. I didn't want to kill myself, truly. But today, after researching for awhile, I've decided to buy a rope. I don't know if I will use it, but just having it with me is conforting. I feel like even after years of therapy and jumping from meds to meds, there's really nothing left for me to do, so hanging seems like the natural route for me to take, honestly.",2,1,1
u/Princessxrenaa,1,"I‚Äôm over it Why do people say your 20s is the best years? I turn 21 in January & idek if I‚Äôll make it. There has been nothing great ab my life half of my hs years were the pandemic & I think that really threw me off I can‚Äôt seem to get back on track just a downward spiral. 

I live paycheck to almost paycheck if I didn‚Äôt already run out of money I barely eat cuz I can barely afford it & then that makes me insecure cuz I‚Äôm really skinny. I have 0 friends & no social life I have nothing to look forward to everyday I wake up and all I can think ab alllllll the hours ahead I have to live through",1,1,1
u/Imstayinganonym,1,"I broke up with my boyfriend. Now he wants to kill himself Hi, I know the title sounds insane, so let me explain. I (f) had a (m) boyfriend. We were together for 5 months. Even though we had a great time, it just didn‚Äôt work between us. A little backstory about my boyfriend. Before we met, he was already mentally unstable. He had a terrible relationship with his family, and he didnt have many friends. He was planning to kill himself, if I haven‚Äôt gotten in his life. He was kinda friends with my, back then, crush, and i wanted to get closer to my crush. So i got friends with my ex boyfriend and we developed immediately a great friendship. While I was trying to get closer to my crush, my ex boyfriend was in love with me. After my crush rejected me, I cried myself to my ex boyfriend. While we got closer, I got feelings for him. Looking back now, I only got feelings because my crush made me desperate and my ex just happened to be there and give me attention.
I didnt really love him, i just liked the attention. But after some time, i got real feelings. We got together and had a great time. Now here comes the issue. We are both muslims, and in our religion, a relationship other than marriage is forbidden. But my stupid me did it anyway. After summer break, I began to wear the hijab. Now comes the problem. Dont get me wrong, my ex was great. He loved me dearly, got me whatever I wanted and was there for me. Why did I break up then? I don‚Äôt love him anymore. I can‚Äôt control my feelings and I‚Äòm surely sorry, but it is not my fault. 



So, after I missed him the summer long, since we were both in our home country and couldn‚Äôt see each other, seeing him again wasn‚Äôt really something. I still loved him, but a few weeks later I realized I lost feelings. And because of the hijab, I wanted to be closer to my religion. I love my religion. But he seemed like he didnt care. 
And that was an issue. Yes, he wanted to marry me, he still does. But he isnt religious. And since i lost feelings at some point, I broke up with him a few days ago. I cried and left after I told him. I unfollowed him on snap, where we had always talked, and gave him the option to talk to me over WhatsApp if he has any problems, because I knew about his mental health.
And here it comes. He tells me over chatt that he is going to kill himself because I broke up with him. I was crying. I didnt know what to do. I wanted to have no contact with him, but that would give him the jumb into his death. I tried to talk him out of it, tell him he‚Äòs going to hell because its forbidden in our religion. He didnt want to listen. The only way he was a little bit happy was if we stayed friends. I didn‚Äôt want to, but to keep him alive i did. He told me i am the love of his life and he couldn‚Äôt live without me. But I dont want to be in any contact with him. My friends tell me to finally block him, but I know that would push his death. He is a little bit happier because we are friends, but he still has the suicidal thoughts. Quote him ‚ÄûI can‚Äôt do this anymore‚Äú I‚Äôm helping him to heal, but because of my help, he thinks we can still be something. But I dont want to be. And I dont know what to do, can you help me? I‚Äòll update as soon as something happens.",1,1,1
u/InquisitiveOwl98,39,"I really hate waking up I hate waking up everyday. I have so much regret it hurts to move, no one texts or calls. Panic attacks when driving(thought I was dying with how much feeling I lost in my body). There is nothing beautiful or meaningful about this world, everything just irritates me so much about even music.",1,2,1
u/topshottathrowaway,1,"I got robbed and lost nearly all my money This happened a few months ago but I got robbed and lost around 4 or 5k cash and some personal belongings. I had spent half a year of working hard every day and at night, this was most of the money I owned, and it all went to waste. I could‚Äôve easily avoided it too, so I blame myself (although ofc the people who stole it are to blame).

Should I kms? I don‚Äôt know if I can live with myself after this and my life has not been the same since, I can‚Äôt go a moment without thinkings about it and wishing I had a time machine to go back and stop myself from making mistakes like this.",1,1,1
u/Shadow-trap,2,"Never thought I be here... When I was little I used to think I have the perfect life never have scars, live life to the fullest and be the most famous person. Now here I am with a whole bunch of scars, being the kid no one wants to talk to and now in the suicide sub-reddit. I don't know what to do anymore....",1,1,1
u/gay_coffeemaker,1,My friend just jumped of a 15 story building She broke both her legs and can barely walk. Is a miracle that she's even alive.,1,2,1
u/chillbeansyo,4,"reaching out to friends I feel like i would be a burden to my friends to tell them i‚Äôm really struggling. They know I have depression but i don‚Äôt think they know how bad it is and it‚Äôs been really bad. I only have suicidal ideations and have never attempted but a couple days ago it went a little further and i thought about it further than just the idea of wanting to not exist. 

On top of that, it‚Äôs almost finals so they‚Äôre busy and i‚Äôve been self-isolating myself and pushing friends away. My best friend and i have been arguing over a misunderstanding and my other best friend and i have been getting distant. 

Even if i tell them, i don‚Äôt know how much to tell them or what to say.",1,1,1
u/rxsekiefer,2,"the recent events so in my recent events, things have been changing. and i hate change. my whole life i was a mommas boy who would do anything for that woman. then when i turned 14- everything changed. i began to be more depressed, anxiety thru the roof, less and less friends over time. but now that i‚Äôm 18 going on 19, i feel i‚Äôm at rock bottom.

tbh i‚Äôm a lazy piece of crap who can‚Äôt keep a job, i sleep throughout the entire day- and when i AM awake, it‚Äôs to either make music or play video games.. i can‚Äôt help myself anymore. i‚Äôm rotting on the inside and i can feel it.

my parents hate me, my whole family thinks i‚Äôm weird, i have just barely one friend (who talks crap about me), and no hope or encouragement for myself.

now i‚Äôm not posting any of this looking for sympathy, nor am i actually CONSIDERING suicide.. but tbh i don‚Äôt know how much longer i have left before i snap.

i love you all, and i‚Äôm sorry for what y‚Äôall go thru. stay safe <3",1,2,1
u/Comfortable9437,19,"I don't see me aging that's it, I don't see me turning 30. I'm 24 and I've been carrying a lot of problems since I was 12, and just realised that I've been miserable half my life. I wasted half my life being isolated from people, spending my time on escapisms and achieving nothing, since then I'm not living but existing.

Few years ago I started to work on myself to change my situation, but life said no and fucked all the progression that I got, tying me to my shit life. I'm not willing to live this miserable life for much more time, I've convinced myself that if my fate is living that way I'll definitely kms.",1,1,1
u/FlibbityGibbitie,1,"Was it really real, anyway? Psychosis or trauma or psychosis induced trauma? Did it really happen or did I just imagine that it did? 

There's a hole in my memory the size of that house, wide enough to swallow every memory of you. So many afternoons, and I remember nothing. I have a few bits and pieces- I remember you liked to wear just your underwear. I think I thought it was funny then. It makes me want to vomit now. 

But maybe it was all just a bad dream, a bad trip, a series of neurotransmitters failing in just the right order. Maybe I'm ""just crazy."" 

Surely I would remember, right? I remember every other house, every other friend's dad. I remember the layout of their houses, how the furniture was arranged in their living rooms. I forget because of how boring it was, not because of anything else, right? 

I wish I had a time machine. And a gun. I could travel back and figure out which one of us to use it on. 

I still don't know if you did it, but you do. Sometimes I imagine calling you up and asking. I wonder if you would even remember me. I wonder how many of us there are. I wonder if this is why your wife divorced you. I wonder how easy it would be to pull the trigger.",2,2,1
u/microchipwife,1,burn out Im working so fucking much and i cant keep up with school I dont get time to breathe I only leave the house to get takeout and occasionally see a fwb and get high with him. Im falling behind on all my classes I cant stay organized I cant keep up its all so hard im gonna fail but nobody cares nobody thinks im working hard nobody wants to hear my excuses when I get home i just scream and cry all night and all day nobody wants to talk to me because rveryone just thinks im a bitch cause I lash out all the time but I just feel my patience waring i can feel it coming im gonna snap and do something stupid to myself soon I just know it and I dont want to I dont know what to fucking do I dont want to die.,1,1,1
u/ionlysmokek2,1,"cant make more than $18 a hour. im 28 yrs old living in scranton pa
no matter how many resumes i send out i simply just don‚Äôt qualify to make more than this. i work 1 full time job at 18.50 and 1 part time job at 13.50. 
i support my family of three and my wife doesn‚Äôt work. i just make enough to cover everything for the month. if im off for more than 2 days then we will not be able to pay all bills and expenses. there is no savings. all it takes is one emergency and we will be fucked. 
i scroll indeed and other job sites everyday. looking for something better. and i cant. but i understand since i have no skills at all or degrees. i just bounced around retail,  warehouse and random construction jobs here and there all my 20s. 
school was never a strong suit for me either i barley got by getting only 65‚Äôs. just the bare minimum to pass high school. 
i failed out of college as well. normally this gets me depressed but i put my feelings to the side to support my family. but today my wife got a job offer as a teacher making 69k working half as many days as me but making more than twice as much what i make. and i couldn‚Äôt help it i just got really depressed. 
i got by myself and started crying and crying my eyes out. i had to accept that ill never be good enough or smart enough to make that much money ever. i‚Äôve been trying for so long. but im just expendable and provide no value what so ever to ever even be considered to make that much. 
i work 15 hour days sometimes that last thing i have the attention span for is school or learning a new skill.
idk what else to do. suicide is really only thing looking ideal right now. that would end the pain and misery i feel. im starting to see theres no point in my life if its always going to be poverty and struggle. and everything keeps getting more and more expensive.",1,1,1
u/cutebunnybaby,1,"I‚Äôm scared to have my child taken from me. I need an honest answer. If I check myself into a mental hospital or seek more intensive therapy for extreme depression, anxiety, ptsd, and suicidal ideations will my daughter be taken from me and/or could her father use it against me in court to take her from me? 


long story short I was with someone for about 7 years I was 19 he was 27 now I‚Äôm 26 and he is 34 and we are going to have a 2 year old soon, we are not together as he was abusive and showed signs abuse was going to escalate physically and I didn‚Äôt want my child growing up in that kind of environment so I broke it off and he went crazy and just so much has happened I‚Äôm in a horrible spot with my mental health I feel I spend every second of every day weighing out the pros and cons of if I should die or not, if my daughter is better without me, if everyone is better, if I‚Äôm already in hell so it won‚Äôt even matter if I die etc.

I have raised my daughter solely on my own, I was a caretaker for my dying father my entire pregnancy, then I sat by his bedside with her at 3 months old as he took his last breath. Nothing has been easy. I‚Äôve been ‚Äúthe rock‚Äù for everyone but nobody checked in on me and I feel like all the stress and trauma and grief I didnt get to grieve and so much more are all spilling out of me and life is not beautiful to me. I want to be with my dad. He was my best friend. But I know, I KNOW my daughter NEEDS me since her father is a nightmare and his whole family are abusive narcissists and sociopaths and I didn‚Äôt bring her in this world for her to be brought up uneducated and just shitty just fucking shitty. I know her life would be hell if I killed myself. I feel so selfish and guilty for even being in this state of despair right now. 

After the split I did everything right, stayed calm, collected, classy. He did the absolute complete opposite. Because I believe children should never be used as ‚Äúpawns‚Äù we started doing a split custody schedule. Which was fine until these past two weeks he has had her (it‚Äôs mainly his mom taking care of her though)

Regardless of how hard I have tried to stay cordial for the sake of our daughter he and his mother have told me he is going to court to get ‚Äúlegitimized‚Äù (which is really convienant he only wants to do that once he knows court will inevitably be involved) that is the only reason he is putting on this whole show and is ‚Äúwatching his daughter‚Äù after almost two years of it being just me and her. 

I can‚Äôt afford a lawyer, I feel hopeless. Helpless. Alone.
My only reason to live is to love and care for my sweet beautiful brilliant daughter, if anything happened to her or if she got taken from me I would go meet my father again without any hesitation. 

I fear I am in a horrible spot as if I do not recieve help I will end up dying and if I do and lose my daughter because of it I will also die.

There is no right answer. I‚Äôm so tired. 
I don‚Äôt want to keep fighting. I‚Äôm tired.",1,1,1
u/Repulsive_thoughts43,9,"I wanna end it (F15) here‚Äôs my note ""here‚Äôs why I wanna kms I always feel guilty even if I didn‚Äôt do anything I feel like I‚Äôm not worth leaving every day something always happens I‚Äôm never happy unless I‚Äôm talking with them I feel like I‚Äôm not good enough nothing I do is enough I‚Äôm always tired even if I slept all day I‚Äôm in pain in the mind and body there‚Äôs no leaving it pills don‚Äôt work but sleep does I just want to sleep forever people say what about your family they don‚Äôt care what about your bf he will forget about me and find someone new I‚Äôm not the important in anyone‚Äôs life I‚Äôm just there idk how to get this empty feeling out that I will never be enough that I‚Äôm bad like what‚Äôs wrong with me I‚Äôm so sorry I‚Äôm sorry idk anymore - Lindsey""",1,1,1
u/krabbs31,1,"I cant do anything right I'm just so dead. I shouldn't be here. To those who have supported me at my last post, sincerely thank you. I'm doomed. I can't do anhrbjnf right and I am everything wrong with my family. In case I don't get around to saying it properly, goodbye and thank you.",1,1,1
u/heartachethrow_away,2,"Please I dont know how I can get through this. I want to be at peace. help, I don‚Äôt know if there‚Äôs any point in hoping things will get better",1,1,1
u/SquidInATux,3,"I‚Äôm scared of myself. I have always thought of killing myself, but only now am I completely emotionally lost. Suicide has gone from an idea to end my pain, to my only option. I feel numb. 15M, Is this some sort of step?",1,1,1
u/Georgiawatt31,12,"I'm killing myself tonight I'm just going to say for my last words is ... Im sorry, I'm sorry to anyone who has been worried about me. My suicide is not a choice I hope you all know. I dont want to stay. Not here.  Not in this world. Good bye I will not be here for 2024 and I'm great full. Happy new year y'all!",4,1,1
u/Mytoenailshurt,17,"Working makes me suicidal I‚Äôve had various different jobs. But it‚Äôs always the same. Doing something similar everyday. Rush hour. Small talk. Just being around other people and not talking, is so headache inducing. Being coughed on. I get home, get straight in the shower, eat and then sleep. Just to do it again the next day until the weekend. Come the weekend I am so bloody depressed about life I don‚Äôt even want to get up. I‚Äôm sick of driving and people so don‚Äôt go out. I was actually enjoying my time off, I didn‚Äôt leave the house or have to see anyone. I don‚Äôt understand how people work for 45 years or more. I‚Äôm at a place now where my wage is actually okay but it is still not enough to compensate the mental and physical struggle of work. If I found a place I could just exist for free, alone, I would be there. I guess that‚Äôs why suicide is so appealing.",2,2,1
u/Imsolost15,1,"3 more days My plan to commit suicide is only 3 days away, I‚Äôve attempted before many times but this time is different, this time I‚Äôm going to make sure it works, nobody knows of my plan and I‚Äôm hoping it stays that way until it‚Äôs already been done, I feel like I owe it to my boyfriend to atleast tell him how I‚Äôve been feeling but I don‚Äôt want to worry him more then I already have, my boyfriends going through his own problems and and I don‚Äôt want to add all this to it but I simply just cannot take it anymore, on Monday I‚Äôll finally be gone, after almost 16 years of constant pain,struggling,poverty,abuse, and trauma it‚Äôll finally all be over, I‚Äôll no longer be worrying anyone, or stressing anyone out, or ruining anyone‚Äôs lives, and everything will be better off. No matter how much I scream for help nobody ever notices, so hopefully this will finally open everyone‚Äôs eyes, I have no support system, not even my own boyfriend lately, so i guess this is simply just a goodbye, I don‚Äôt know what or how I feel anymore, I‚Äôm so tired, I need help.",1,1,1
u/Every-Insurance5655,2,"I give up I have tried to be patient. For so many years. It‚Äôs too much for my heart to handle  
I have tried to constantly be there for everyone in my life. To the point where I‚Äôve abandoned my self
I‚Äôm tired 
I think this is my final straw. I do not have the willingness to live anymore. Nothing brings me happiness anymore.
God please forgive me",1,1,1
u/ekinchu,4,"Okay I‚Äôll but how? I think about suicide all the time.  I just don't know how to do it.  I am unemployed and live with my family.  I'm so tired of being on the alert all the time at home.  I'm so tired of running into everything and being quiet so they don't say anything bad to me.  I have no friends left.  After the pandemic, my desire to go out has also gone.  Also, due to a genetic disease, I can't get into every job.  My boyfriend is bored with me, he says he loves me, but he's completely disconnected.  I get very upset when he says harsh words to me.  All I want is for him to be by my side, but he has his problems too.  Because we live in Turkey, bad things happen every day.  I'm so tired of everything.  I can feel nobody loves me anymore and I just want to disappear.  It's like I'm worthless. I feel like something has been broken inside me towards my family and loved ones. So I don't have much to worry about what I'm going to leave behind.  I just don't know how to do it.  I am very afraid of failing.",1,1,1
u/wenevergetfar,2,"Done I want to end it, i find nothing enjoyable other than sex and the only person that ever gave it to me in my life left me months ago.  Work is a constant drain of doing shit i don't want to do every single fucking day. My ""hobbies"" do nothing for me i just don't care about them anymore, i find travel fun but im spending too much to keep up with it. If i stop doing that im sure ill hurt myself going back to doing nothing at home alone. I can't keep doing this, i fantasize about crashing my car every time i drive just to get it over with. We all die anyways why can't i just do it now",1,1,1
u/QudioOG,1,"Are you still here? I wonder how members in this community are still with us.
I might join you soon.
I'm loosing hope with my Social Anxiety üòî
It's been 5 years I'm still same weirdo in public.",1,1,1
u/TranslatorNo2872,1,"Scared If you call the suicide hotline will police show up?(america)

Bad ptsd from cops and that‚Äôs the last thing I need and the only thing stopping me from calling the hotline.",1,1,1
u/frenchghost_,3,is there‚Äôs any possibility to enjoy life as an autistic adult? for real it‚Äôs one of the reasons why I want to end it.. it‚Äôs just a living hell,1,1,1
u/Go_eat_soap,95,"Goodbye, world.  My name is Ashton costilo. I‚Äôm 13 and from Ohio, and I‚Äôve been diagnosed with depression for four years. I‚Äôm not going to try and fight it, and I‚Äôve already taken the pills. I just want my final words to the world to be seen and heard.",2,4,2
u/Exact_Ad_9924,1,"Suicidal after rejection I am 24f. My life has been very hard. This will sound stupid and believe me I know it ties into my mental illness, but I experienced a romantic rejection and its made me actively suicidal. I spent hours, days getting to know this person and we bonded on every level. In the end who only saw me as a friend. For months I obsess about what must be wrong with me: I‚Äôm not feminine enough, not extroverted enough, not beautiful enough. I mean really it‚Äôs only so many things it could be for a man to try to turn you into a friend or friends with benefits. I truly hate myself. Now it may sound stupid as an isolated incident but if you knew the story of my life you‚Äôd know why I can‚Äôt take it anymore.  I have everything I need to end it and now I‚Äôm just tryin got talk myself into it",1,1,1
u/Ok-Word-,2,[TW SA] I feel incredibly alone Everyone I was friends with sided with my rapist & the girl who protected him.  They say they believed me (I‚Äôm not so sure) but I guess don‚Äôt want to rock the boat. I feel like my life is so worthless. I can‚Äôt trust anyone & people and crowds terrify me. I don‚Äôt feel joy anymore. None of the things I used to love doing are possible. All the color is gone from the world. I‚Äôve been in therapy for 2 years (and was before it happened) but I just don‚Äôt see any hope anymore. He took everything from me and they helped him do it.,1,2,1
u/throwaway1283415,1,Trying to focus on summer school but can‚Äôt stop thinking of offing myself This class is condensed into 6 weeks and the exams are worth 70% of my grade yet I can‚Äôt stop thinking about offing myself. It‚Äôs distracting me from my studies. I hate it. I think about how I‚Äôll do it in classes and outside when I trying to study. I hope I can at least pass.,1,1,1
u/peacearoudthecorner,3,"Revelation I‚Äôm so Relieved I‚Äôm a piece a shit. Always have been but now as an adult it shows even more. I can fake normality but I will always fuck shit up because I‚Äôm not right in my mind. I hate myself and life. I only love my two kids. Everyone else , fuck em. 

But today I had a revelation. There‚Äôs absolutely no reason for me to not kill myself. Once I‚Äôm dead I won‚Äôt feel guilty. Today I live with guilty everyday.

I use to worry about my kids but I want them to hate me so they don‚Äôt emulate me. I can‚Äôt provide for them. I quit my job yet again. I‚Äôve had decent jobs but eventually anxiety makes me quit.

My whole reality revolves around making others feel comfortable. From the moment I wake up until  lay down im fake as hell. It‚Äôs so exhausting.

Honestly I‚Äôm very tired. I want to rest. I don‚Äôt mean a weekend off or vacation. Because there you have to be a character as well. I want absolute silence, absolute darkness, and absolutely no experience. 

I feel a sense of relief. I am going to do it by weapon. Out of town in a hotel. If I‚Äôm totally honest I feel a little excited. I have something to look forward to that‚Äôs just for me, for the first time in a very long time.",2,1,1
u/Deezebee,15,"I really really don't want to go back to my toxic workplace, I already have so much other mental shit to deal with. I think I'm gonna kms on the 23rd or 24th I can't just walk out without having a permanent mark on my record, I'd have to stay for another two months. I cannot handle that. Been on sick leave for 2 weeks, I really dread going back so much. I'm gonna take a walk tomorrow and check out all the easily accessible high places like building roofs. I hate my existence so much",1,1,1
u/chocolatecass,132,"My mom just told me to kill myself Yeah. She just told her suicidal daughter (who has attempted in the past) to kill herself. She had also said the same thing before after I came home from the hospital after my attempt and was having a hard time.
I'm gonna kms just to cause her as much pain as she's caused me my whole life.",3,1,1
u/cigarettedaydreams27,1,"Using Tinder as a way to seek out lethal means Has anyone else thought of this? I guess it‚Äôs mostly useful for girls, as we get more matches and would gain access to men who have things like guns, drugs, etc. It turns out a heck of a lot of guys have guns in their pics, revealing that they have access to firearms either via range, at home, hunting, etc and it could be a possible ‚Äúdate‚Äù idea. Yes, it‚Äôs cruel to do that in front of someone, but‚Ä¶it‚Äôll put me out of my misery, sooo",2,4,4
u/LiorEcho,2,Destroyed I‚Äôm destroyed. I‚Äôm a shell. I want people who don‚Äôt care about me. I want to feel loved and the whole world hates me. I‚Äôm nothing.,1,1,1
u/StormFireBri,1,"I don‚Äôt know what to title this‚Ä¶ Hi. How are you? Well, once upon a time, I tried to unalive myself in my bedroom. Okay, let me give more information:  
I‚Äôve tried to telling people my thoughts in past but they just, you know, being assholes.   
1.  I was having a panic attack at school. My history teacher saw me. While I was busy imagining myself dead, he told me to get back to work. I know what he can‚Äôt hear my thoughts. But I‚Äôm pretty sure if one of your students is hyperventilating and that student is notorious for self-harming (as in cutting themselves), you should probably, I don‚Äôt know, SUGGEST THEY GO TO THE GUIDANCE COUNSELOR! FINE, EVEN IF YOU DONT WANNA DO THAT YOU COULD AT LEAST ASK IF THEIR OKAY OR LET THEM STEP OUTSIDE OR MAYBE EVEN LEAVE THEM ALONE! BUT FOR THE LOVE OF GOD, PLEASE DON‚ÄòT TELL THEM TO GLUE A TINY PAPER IN THIER JOURNAL! YOU DON‚ÄòT KNOW HOW MUCH I WANTED TO SMACK THAT FUCKER!  
2. About a year ago, I had an emotionally abusive grandfather and a dysfunctional family. One day, I was playing Splatoon 3 (cool game, you should try it), and next thing you know, my grandpa starts bleeding out and falls on the floor. Im not gonna go too much into detail, but let‚Äôs just say, he died. IN FRONT OF ME! What was I supposed to do!? I was 12!? Anyway, my dad tried to console be by telling me that my grandfather loved me despite all the rude, hatful, terrible, mean, awful, barbaric, damaging, cruel, horrible things he told me. Good one.‚Ä¶  
4. I go to a recovery group at my church (by the way, I‚Äôm not religious, so I don‚Äôt exactly fit in). I don‚Äôt really talk much, but I‚Äôm very vocal on the Internet (obviously). They say I‚Äôm selfish for not sharing and I‚Äôm wasting my time there. My home life is terrible and I have no friends, this makes me lonely. So, my church group that I don‚Äôt like is the only place we‚Äôre I can not think about killing myself. They make me laugh sometimes, but they don‚Äôt like me and I don‚Äôt like them. Why do I put myself through this?

5. I have this thing called Maladaptive Daydreaming. A lot of you probably never even heard of it. It‚Äôs when someone‚Äòs daydreams become harmful. That‚Äôs the best way I can explain it. But I feel like no one really gets it. Imagine this, I‚Äôm in my church, we go around in circle sharing our struggles. Random Person: ‚ÄùHey guys! My name‚Äòs Olivia, and I struggle with depression!‚Äù Random Person: ‚ÄùHey guys! My name‚Äòs Lisa, and I struggle with Anxiety and Schizophrenia!‚Äù Me: ‚ÄúHey guys! My name‚Äòs Brianna, and I struggle with Maladaptive Daydreamin!‚Äù You see how sounds?

6. I‚Äôm bored 

7. I invalidate my own feelings by making jokes, if you couldn‚Äôt tell by some of the humor in this post.

&#x200B;

Thats all, first time on this subreddit, defiantly will be here more often. ",2,2,1
u/nud7027548,1,Feel guilty leaving those that care for me behind. ‚Ä¶and yet I‚Äôm also scared to reach out to them and let them know I‚Äôm having suicidal thoughts. I don‚Äôt want to burden anyone further‚Ä¶nothing makes sense.,1,1,1
u/Traumatised_Pupper,1,"People are horrible For the first time in years I‚Äôve tried to make an effort to talk to other people, especially here on reddit, but no matter how hard I try I seem to upset and disappoint people. I really don‚Äôt think there‚Äôs any hope for me in terms of human contact. 

Thankfully I have my dog to keep me alive.",1,1,1
u/ItsHope_,0,"im so worthless my parents hate my my friends hate me everybody hates me i cut 3 times a day im so worthless and stupid for believing anybody telling me im not

and i found my dads pistol im going to shoot myself if i keep living is this shit",1,1,1
u/lollipoppicasso,1,"Tired That‚Äôs actually an understatement, but I don‚Äôt know how to articulate what it is that I feel anymore. 

I have BPD, and I‚Äôm watching my favorite person love their new partner in a way that they could never, would never love me. 

My job is a joke. It‚Äôs pointless - I deal with racial micro aggressions all day. It makes my chronic pain flare. My normal bodily functions are made out to be giant inconveniences. 

I want to be let out of this prison of pain. Every week is the same thing. And I don‚Äôt see the reason behind any of it.",1,2,1
u/Southern-Style2111,1,"kms soon I wish I could kms without hurting my family or bringing shame on them. My parents are great (at least as great as they can be) and my brother will be left to be an only child. But I just dont wanna do this anymore. 
Its not in my head. I really am invisible and unloved. I know people will be inclined to say, I just need to change my mindset, but no. Its not my mindset. Its the truth. 
Ive put a concerted effort into trying to build a life for myself. Trying to make friends, trying to build a career, trying to have a relationship with extended family. But my efforts just go to waste. No one wants me around or respects me. 
Itll just be a bullet to head. Not wasting time and money on pills that may or may not work",2,1,1
u/throw49090,3,"no one likes me i can‚Äôt stop crying, i feel hopeless and horrible and just want to die. a few weeks ago my first boyfriend left me, and blocked me on everything one day. i got into another relationship a few weeks later to try to be happy but i was cheated on and it only lasted a week and i‚Äôm so lonely that i can‚Äôt take it. i don‚Äôt know who i am without someone else and i feel like no one truly wants to get to know me, and is just using me. i just want to die. my self esteem is so horrible and i don‚Äôt know how to be a person anymore, i can‚Äôt do anything. i just wanna die.",1,1,1
u/bigfanofsonicyouth,1,"why me i was raped over and over by my ex bf roughly from ages 16-21 (im 22 now). it‚Äôs caused so many countless issues that i have already been committing to a plan on how to end my life, because i can‚Äôt see myself functionally fully normally, as i once had the potential to, in a sexual, romantic, or social capacity ever again. but now im seeing my rapist posting on social media, about how his new gf was previously in a dv situation and the *rapist* is publicly raising awareness for her or whatever. and posting how much he cares about her safety and hates the person who hurt her. BUT HE FUCKING HURT ME AND TOOK EVERYTHING FROM ME !!! what is so special about her that she can be precious but at my young age i was seen as an object to be abused? from the moment i lost my virginity he hurt me and ignored when i said things hurt or i want to stop.

i can‚Äôt live this way. i have no purpose, i just want to put a fucking bullet through my head and end this. there‚Äôs obviously something wrong with me that he did this to me and not her. Mine is so unlike any other sexual assault situation, i cant ever relate or find solace with other survivors. This is my fault. i wish i was never born and genuinely im just fucking broken hearted knowing my whole life was taken from me over this. ill never get married or be comfortable in my body or have a baby and a happy family. i can‚Äôt do this I can‚Äôt do this",1,1,1
u/nightnightblue,1,"I should just go Wanna fade away
Left alone and i wanna die
Cant have enough‚Ä¶cant have at all. Always behind the screen. Never see the light of day.
So much strength needed
To just end it.

i wonder what it would have been like to be loved
To have loving family
To have romance, affection and attention from a lover

I see so many here who are and give to their lovers and dont receive. And i wonder why it couldnt have been me because i wouldnt do that. But then i know the answer and it‚Äôs because im worthless. just a worthless piece of shit who never deserved anything. Im so glad i have an immediate way to die. I cant wait for the time comes.",1,1,1
u/Status_Movie_815,1,"Don‚Äôt have a reason to keep living? Everyday for the past 6 yrs I‚Äôve suffered from depression/anxiety due to being heavily abused by family(more specifically my narc mother). After moving out 1yr ago I have gained some confidence &amp; am going to therapy to start healing. 

However, I feel myself on the verge of suicidal  ideation and the thoughts of ‚Äúmy existence is a mistake‚Äù are becoming increasingly louder. I think what first sparked this thought was, when my mother said ‚Äúshe should have left the umbilical cord wrapped around my neck‚Äù and followed up with ‚Äúyou should drink poison and die‚Äù.  That was the start of my depression/ anxiety and I have yet to feel like me existing isn‚Äôt a cosmic mess up.",1,1,1
u/venomsquid,10,"I feel like I might be an actually insane person Life is getting worse every day. I'm losing all interest in the things I do. I feel angry at myself every minute. I'm forced to watch other people live happier, more fulfilling lives. Not perfect, but definitely better. My abusive sister is currently spending a month long vacation in Japan. My younger brother, who works the nightshift, has developed a great relationship with a well connected colleague. I am forced to watch other people have better, happier lives around me. I am trying very hard to work on my own personal projects, trying my hardest to keep believing that ""the pain goes away, but your work always remains"", but I feel useless. I don't contribute or do anything. Any time that I make an effort to make something people will like, it gets nothing. I get nothing. I am nothing. Even though this is a silly example, I remember a few years ago I posted a joke and it got like two likes. Then someone else posts the exact same joke a week later and gets a million. That sums up my entire life in a nutshell.

I am constantly told by the world that I am nothing. That I am worthless. I am a consumer and i have no power at all. No matter what I do, I am never able to positively impact my situation. I am trapped. It all feels completely hopeless and I am in so much pain. I am forced to see others be directly rewarded for being petty, cheating, and actively intolerant of others. Even in an age where people supposedly care about mental health, my traumas and struggles are completely marginalized and invalidated at every turn. To use an internet term, it feels like every single solitary action I take is gaslit by the entire world. I am the bad guy if I ever do anything that others are rewarded for. Sometimes I wish that my body would just physically give out from all the stress so anything I go through could be taken seriously. I constantly feel like I'm about to die and I feel like I am on the verge of a nervous breakdown. My life has been like this for at least 5 years if not more, and nothing ever changes.",1,2,1
u/LiawasHere1,1,"Im killing myself after I graduate high school That‚Äôs next year but eh..I have no will to live. I fucked up my relationship with my boyfriend and even though he‚Äôs trying to forgive and forget, it probably won‚Äôt happen and I won‚Äôt blame him. I still hate my body with a passion and I have no talents, I‚Äôm a complete loser. So next year I‚Äôm killing myself either in a different state in some random woods or going out of the country. Even if someone will miss me, what‚Äôs the point.",1,1,1
u/Gloomy-Abies4719,0,I need help I can't stop thinking about suicide. I need to talk to someone.,1,1,1
u/Character-Photo4852,2,"Medical mistake. I'm a doctor. I hung the wrong IV medicine on a patient. It didn't go in, it was caught by someone else. It was reported. No patient harm at all, although it would have been extremely serious if it did go in.


I've been struggling with depression and the point of things for a while. I've now transitioned from vague feelings about ending it to thinking of efficient, painless ways to end things using my skillset. No stealing meds to end it, no diversion,  just applying my knowledge to this last task as ethically as I can so I exit with no harm to anyone else. 

I'm not looking for advice or platitudes about getting help. Just wanted to post. This is a throwaway account.",2,2,1
u/ThrowRAfucklife,1,"I think I'm suicidal again Been suicidal for a few years now, but got better for the past year after being in a relationship. Started realising that he was using me for money and sex for all these months. Tried breaking up twice and he convinced me to stay. Feels like I was given the world and everything snatched away from me the minute it got too inconvenient. The minute I asked for basic human decency. And now I'm back to wishing I could kill myself everyday, fantasizing about disappearing so I dont have to deal with my shit relationship, shit family. Quit my job today too. I just want the pain to end.",1,1,1
u/AdKlutzy9200,17,I hope you're happy now You've won. I won't be a problem to you anymore. You can have him all to yourself. And as for him I hope you're happy too. You tried to make me hate you but all you did was push me to this. Push me to where I couldn't take it anymore. I loved you. I truly fucking did. Yet you clearly didn't. You cheated on me. You used me for sex despite saying that you'd never do it. Well now nobody can. How does it feel? Knowing you caused my suicide? Knowing that you did this to me? You said you'd help. You told me you'd be different. You were all right. So different that I was pushed to this. I was a fool to love you. I hope you fucking remember this. Knowing that all this could have been prevented. That you not being able to keep your cock in your pants lead me to this. I hate how I still love you despite all this. Although that won't be a problem for much longer. I won't be a problem for much longer. One last time. Good night. I love you infinitely,3,2,1
u/Kurpitsasaa,2,Im planning to kill myself (Sorry for possiple bad england) My first post. I‚Äôm 14 year old boy and I don‚Äôt want to live for long anymore. This might seem like seeking for attention but it‚Äôs not. I decided to post this because I‚Äôm losing hope. Every morning I wake up and wish I hadn‚Äôt. I‚Äôm doing well in school but I don‚Äôt want to be there. I behave and try to be nice to everyone but what is that for if everybody else is so cruel and feel no embhathy. I don‚Äôt want to kill myself but I don‚Äôt want to stay here either. I guess the only thing that keeps me not doing it is curiosity of something great happening tomorrow or the day after tomorrow. I have already lost all the fear of killing myself. I‚Äôll die anyway so why go trough all the pain to die naturally. I know this world has many great things but does it correct all the bad and unfair things. I‚Äôm not strong I‚Äôm weak. Every time someone goes rough on me I‚Äôm tearing up. I‚Äôm kinda smart but I feel like I‚Äôm so stupid. Every time I look in the mirror I‚Äôm disgusted. I will propaply not have anyone to call partner. I have many things to say but this is already very long and propaply no one will see this(or idk I‚Äôm new on Reddit). I‚Äôm a loser and I will stay that way. Thx for everyone who read this far.,1,1,1
u/interesting_alien,4,"To my younger self. (A last letter before everything goes down) Hey kiddo,

I never knew you grew up so big! You are probably enjoying yourself in the sun with friends without caring the meaning of the world that surrounds you. You were so innocent and I would kill to have that feeling once again. I would like to apologize because I couldn‚Äôt really protect you from reality. You were so young and happy. You expected the world to protect you from any harm, but everything went the opposite way and you were always the one who got hurt. You always felt alone in times you needed an adult to comfort you. They think it‚Äôs the best idea to leave you alone and fight. You never really had anything to fight with because you were young and never really understood the way the world flows. It wasn‚Äôt your fault. You were just trying to protect yourself. They never really understand you and your feelings. 

I know you‚Äôre still there somewhere in the dark waiting for someone to save you. You always prayed to whatever God that created you for someone to rescue you from all the pain and suffering you‚Äôve been fighting for years. You would always think if there‚Äôs even a God out there? Were you just a pawn of entertainment that they have, patiently waiting for you to die. Is there even a Devil? Were they part of this scheme, this horrible life. Did you do something wrong in your past life that you have to suffer this way? Why are you one of the people who just can‚Äôt get lucky? Can‚Äôt just take a break? All you ever wanted was to be loved. It‚Äôs just a simple thing you wished to receive. You desperately look for it through items you bought to the worlds you created in your head. However, they were all temporary. A distraction to keep you away from your thoughts. 

After finding someone that you knew would give you the absence of love you needed, you accidentally ruined it. How can someone love somebody if they weren‚Äôt even taught to love themselves? Throughout the battles of your life, you always choose the lonely road. You thought choosing this road will evidently steer you away from those who hurted you. However in the end, it all hit you so hard in the back. You seem to look at the world differently now after that happened. 

The loneliness you felt through the years was the only one who gave you comfort, like a way for you to breathe a little even though it hurts. It was the only feeling you could remember. The only thing that stayed. People told you to move on, let go and heal. You would think, who do they think they are? Telling you that. Why all of the sudden they care? They don‚Äôt understand you and they don‚Äôt know what you‚Äôve gone through. How tired you are even though you‚Äôre still young. You were just a kid. It wasn‚Äôt your fault, but saying the phrase would let you think the opposite way. Was it your fault? Everything that happened. Was it because you only thought of yourself and you see things differently than others. You were young and you already questioned yourself, what‚Äôs the point of fighting, if in the end, you‚Äôll get pierced again by the same pain. You should've got used to it but didn‚Äôt. 

Stop staring at me with those innocent eyes to convince me to stay.

One day, I‚Äôll cut off everything and will be free.

I‚Äôll probably meet you again in another life holding another family who will love you dearly. On that day, I wouldn‚Äôt regret cutting our lives short and you wouldn‚Äôt suffer from the pain that it caused. In another life, both of us will be completely different from one another. We won‚Äôt have any memories of our past life, and hopefully, we‚Äôll both be happy.  
							
Until then, I hope we exit this world peacefully. I love you kiddo.",2,2,2
u/Most-Manufacturer-65,1,"Give me Upv0t3s to make up for my cake day. I am tired of getting downvoted everytime. No matter where I post or what I post I get downvoted brutally,physically and emotionally. I really want to self-harm myself that there are worst people on this planet earth. How can they hate someone for bad mental health and then when they k1ll themselves they suddenly pray and praise on that person. Seriously. how d3g3nerate you have to be to do this. Why. Fuck you.

I am done with the amount of downvotes I received from many of my comments and posts. So any support with comments,chats,upvotes,awards,etc... will be great to make my cakeday better. I deserve better.

Anyways I am done with electrical engineering. I've heard that remote designer jobs are the best. Which one would be the right one for me? We can chat about it.",1,1,1
u/lang_n,1,i want to kill myself but im not selfish enough to do it everyday i want to hang myself or overdose on something and i wish I could. im so fucking tired and broken but i love my family and best friend too much too do it. i don‚Äôt want to put my pain on them because that‚Äôs not fair but i just want it to stop and i want to see my mom again,1,1,1
u/MouseConsistent9399,3,"Dropped out of college for the second time. I want to kms I dropped out again from college. I'm a waste of money, time, and life. I hated the major I was pursuing in school and my mental health took over after my dad verbally abused me badly this semester. I think this is the end. I don't know what to do from here. I really want to be a nurse but a BSN is just too much for me to handle rn.....I want to die",1,1,1
u/Throwmeaway3105,37,"Work is Hell Everyone wants you to be the best worker ever. Everyone expects you to be good at everything. Failure isn't an option and I am a failure in and of myself. I got straight As, went to college, did everything ""right"" and still ended up in a dead-end minimum wage job. I just want to end my life. A very busy highway is right in front of my workplace, and there is nothing I want more than to run into oncoming traffic. I'm too much of a pussy to go through with it. I dunno what to do with myself.",1,1,1
u/AntelopeUpstairs8274,15,"Just want to disappear Keep getting texts from people to make sure I‚Äôm okay. I know they just want to see if I‚Äôm okay, but for some reason it bothers me. It almost feels like a chore to respond to people. I don‚Äôt want to respond. I want to isolate. I keep thinking I can fix this all on my own.",1,1,1
u/Odd-Marionberry-8944,9,"no one cares. no one has my back. no one cares about me. then why am I here. whats the point of even doing any thing at all, I feel like a slob living on this earth. why am I here if no one cares about me, whats the point in living",1,1,1
u/Open-Professional491,1,"Here i am again if i realize that i don‚Äôt want to die anymore after a happy period of time just to return back to suicidal ideation shortly after as if i‚Äôve made no progress, was it ever really worth believing that i wasn‚Äôt suicidal during my happiest moments? all i do is ruin and disappoint myself",2,2,1
u/Vermilion_Polaroid,1,"I‚Äôm done I‚Äôm ending my life in 3 days as soon as I get my  phenytoin, and  fat Noll",4,1,4
u/itz_Tatakae,65,I'm useless I have nothing to offer. I don't have anyone. I don't know what to do.,1,1,1
u/apesinouterspace,1,Help me My mind is in so much agony,1,1,1
u/Centip3des,4,Transgender and suicidal I don‚Äôt care what audience this reaches supportive or not. I‚Äôm so tired and I can‚Äôt handle being transgender anymore. It literally affects all parts of my days and life. I‚Äôm too tired to even push myself to try to affirm myself. I‚Äôm just waiting to find a good option/way to end it. I‚Äôm scared in my obituary and funeral they will misgender me. That‚Äôs one of the only things keeping me from killing myself.,1,1,1
u/Mysterious_Wheel_965,1,I feel like a failure I feel like everything is going wrong and everyone hates me. My dad is telling me I‚Äôm fat and out of shape. My boyfriend is making me feel worthless and hurt and telling me I‚Äôm a bad girlfriend and all I want is to sob and cut my body apart and starve myself I hate myself. I haven‚Äôt had thoughts of suicide in a while but since getting back to living near my boyfriend I feel like everything is going down hill. Over the summer I had an amazing community and support system and I felt happy and safe for the first time and now I feel like I‚Äôm loosing all my power and safety as a person. He makes me feel like I don‚Äôt deserve love and support. I want to sob and run away. I want someone to love and support me the way I support others. Help.,1,1,1
u/tempaccount12935,2,"i lost everything a few days ago and i don‚Äôt know how to cope with it Hi, so about a week ago now my girlfriend of just over 1 year and i broke up, im young and this was my first long term relationship so as you can imagine im not exactly taking it easy, the breakup was mostly my fault as my mental health issues ultimately got the better of me and ruined the person i was in the first half of our relationship. Not only is the guilt of this killing me but shortly after the break up she decided that the relationship was nothing to her and that she hates me and made me lose all of my friends because of it, im now completely alone with noone to turn to. I miss her so much the memories are driving me crazy and it seems now she‚Äôs going to get with one of my (former) best friends and the thought of this is driving me insane i just don‚Äôt know what to do anymore i have nothing and noone and i don‚Äôt know how much longer i can go on",1,1,1
